title,bucket,url,text_length
120/min红糖蓝图,optional_blueprints_tools,https://wiki.biligame.com/dsp/120/min%E7%BA%A2%E7%B3%96%E8%93%9D%E5%9B%BE,20438
7200铁蓝图,optional_blueprints_tools,https://wiki.biligame.com/dsp/7200%E9%93%81%E8%93%9D%E5%9B%BE,29171
90/min黄糖蓝图,optional_blueprints_tools,https://wiki.biligame.com/dsp/90/min%E9%BB%84%E7%B3%96%E8%93%9D%E5%9B%BE,26754
MOD,optional_blueprints_tools,https://wiki.biligame.com/dsp/MOD,1236
前期60红马达30绿马达紧凑蓝图,optional_blueprints_tools,https://wiki.biligame.com/dsp/%E5%89%8D%E6%9C%9F60%E7%BA%A2%E9%A9%AC%E8%BE%BE30%E7%BB%BF%E9%A9%AC%E8%BE%BE%E7%B4%A7%E5%87%91%E8%93%9D%E5%9B%BE,7232
前期就地冶炼蓝图,optional_blueprints_tools,https://wiki.biligame.com/dsp/%E5%89%8D%E6%9C%9F%E5%B0%B1%E5%9C%B0%E5%86%B6%E7%82%BC%E8%93%9D%E5%9B%BE,2147
工具,optional_blueprints_tools,https://wiki.biligame.com/dsp/%E5%B7%A5%E5%85%B7,1222
戴森壳蓝图,optional_blueprints_tools,https://wiki.biligame.com/dsp/%E6%88%B4%E6%A3%AE%E5%A3%B3%E8%93%9D%E5%9B%BE,74004
戴森球全包计算器,optional_blueprints_tools,https://wiki.biligame.com/dsp/%E6%88%B4%E6%A3%AE%E7%90%83%E5%85%A8%E5%8C%85%E8%AE%A1%E7%AE%97%E5%99%A8,615
戴森球蓝图,optional_blueprints_tools,https://wiki.biligame.com/dsp/%E6%88%B4%E6%A3%AE%E7%90%83%E8%93%9D%E5%9B%BE,74004
早期90/min红糖蓝图,optional_blueprints_tools,https://wiki.biligame.com/dsp/%E6%97%A9%E6%9C%9F90/min%E7%BA%A2%E7%B3%96%E8%93%9D%E5%9B%BE,10441
电磁涡轮制造单元蓝图,optional_blueprints_tools,https://wiki.biligame.com/dsp/%E7%94%B5%E7%A3%81%E6%B6%A1%E8%BD%AE%E5%88%B6%E9%80%A0%E5%8D%95%E5%85%83%E8%93%9D%E5%9B%BE,6868
简单冶炼蓝图,optional_blueprints_tools,https://wiki.biligame.com/dsp/%E7%AE%80%E5%8D%95%E5%86%B6%E7%82%BC%E8%93%9D%E5%9B%BE,1896
蓝图,optional_blueprints_tools,https://wiki.biligame.com/dsp/%E8%93%9D%E5%9B%BE,560
转转乐蓝图,optional_blueprints_tools,https://wiki.biligame.com/dsp/%E8%BD%AC%E8%BD%AC%E4%B9%90%E8%93%9D%E5%9B%BE,2347
量化计算器,optional_blueprints_tools,https://wiki.biligame.com/dsp/%E9%87%8F%E5%8C%96%E8%AE%A1%E7%AE%97%E5%99%A8,1152
黑雾版本新手蓝图集,optional_blueprints_tools,https://wiki.biligame.com/dsp/%E9%BB%91%E9%9B%BE%E7%89%88%E6%9C%AC%E6%96%B0%E6%89%8B%E8%93%9D%E5%9B%BE%E9%9B%86,93
“周年特别活动”海外获奖作品展示,optional_updates,https://wiki.biligame.com/dsp/%E2%80%9C%E5%91%A8%E5%B9%B4%E7%89%B9%E5%88%AB%E6%B4%BB%E5%8A%A8%E2%80%9D%E6%B5%B7%E5%A4%96%E8%8E%B7%E5%A5%96%E4%BD%9C%E5%93%81%E5%B1%95%E7%A4%BA,360
“周年特别活动”获奖作品展示,optional_updates,https://wiki.biligame.com/dsp/%E2%80%9C%E5%91%A8%E5%B9%B4%E7%89%B9%E5%88%AB%E6%B4%BB%E5%8A%A8%E2%80%9D%E8%8E%B7%E5%A5%96%E4%BD%9C%E5%93%81%E5%B1%95%E7%A4%BA,700
“进化的伊卡洛斯”FAQ,optional_updates,https://wiki.biligame.com/dsp/%E2%80%9C%E8%BF%9B%E5%8C%96%E7%9A%84%E4%BC%8A%E5%8D%A1%E6%B4%9B%E6%96%AF%E2%80%9DFAQ,1257
《戴森球计划》 发售一周感言与更新计划,optional_updates,https://wiki.biligame.com/dsp/%E3%80%8A%E6%88%B4%E6%A3%AE%E7%90%83%E8%AE%A1%E5%88%92%E3%80%8B%20%E5%8F%91%E5%94%AE%E4%B8%80%E5%91%A8%E6%84%9F%E8%A8%80%E4%B8%8E%E6%9B%B4%E6%96%B0%E8%AE%A1%E5%88%92,920
《戴森球计划》1月20日晚更新新版本“进化的伊卡洛斯”,optional_updates,https://wiki.biligame.com/dsp/%E3%80%8A%E6%88%B4%E6%A3%AE%E7%90%83%E8%AE%A1%E5%88%92%E3%80%8B1%E6%9C%8820%E6%97%A5%E6%99%9A%E6%9B%B4%E6%96%B0%E6%96%B0%E7%89%88%E6%9C%AC%E2%80%9C%E8%BF%9B%E5%8C%96%E7%9A%84%E4%BC%8A%E5%8D%A1%E6%B4%9B%E6%96%AF%E2%80%9D,397
《戴森球计划》2021年1月21日发售 邀你共建巨构！,optional_updates,https://wiki.biligame.com/dsp/%E3%80%8A%E6%88%B4%E6%A3%AE%E7%90%83%E8%AE%A1%E5%88%92%E3%80%8B2021%E5%B9%B41%E6%9C%8821%E6%97%A5%E5%8F%91%E5%94%AE%20%E9%82%80%E4%BD%A0%E5%85%B1%E5%BB%BA%E5%B7%A8%E6%9E%84%EF%BC%81,646
《戴森球计划》4月21日更新预告,optional_updates,https://wiki.biligame.com/dsp/%E3%80%8A%E6%88%B4%E6%A3%AE%E7%90%83%E8%AE%A1%E5%88%92%E3%80%8B4%E6%9C%8821%E6%97%A5%E6%9B%B4%E6%96%B0%E9%A2%84%E5%91%8A,449
《戴森球计划》6月10日更新预告,optional_updates,https://wiki.biligame.com/dsp/%E3%80%8A%E6%88%B4%E6%A3%AE%E7%90%83%E8%AE%A1%E5%88%92%E3%80%8B6%E6%9C%8810%E6%97%A5%E6%9B%B4%E6%96%B0%E9%A2%84%E5%91%8A,667
《戴森球计划》9月30日更新预告：成就系统即将上线,optional_updates,https://wiki.biligame.com/dsp/%E3%80%8A%E6%88%B4%E6%A3%AE%E7%90%83%E8%AE%A1%E5%88%92%E3%80%8B9%E6%9C%8830%E6%97%A5%E6%9B%B4%E6%96%B0%E9%A2%84%E5%91%8A%EF%BC%9A%E6%88%90%E5%B0%B1%E7%B3%BB%E7%BB%9F%E5%8D%B3%E5%B0%86%E4%B8%8A%E7%BA%BF,375
《戴森球计划》9月更新预告,optional_updates,https://wiki.biligame.com/dsp/%E3%80%8A%E6%88%B4%E6%A3%AE%E7%90%83%E8%AE%A1%E5%88%92%E3%80%8B9%E6%9C%88%E6%9B%B4%E6%96%B0%E9%A2%84%E5%91%8A,480
《戴森球计划》五周年庆开发日志及版本更新预告,optional_updates,https://wiki.biligame.com/dsp/%E3%80%8A%E6%88%B4%E6%A3%AE%E7%90%83%E8%AE%A1%E5%88%92%E3%80%8B%E4%BA%94%E5%91%A8%E5%B9%B4%E5%BA%86%E5%BC%80%E5%8F%91%E6%97%A5%E5%BF%97%E5%8F%8A%E7%89%88%E6%9C%AC%E6%9B%B4%E6%96%B0%E9%A2%84%E5%91%8A,7607
《戴森球计划》五月更新FAQ,optional_updates,https://wiki.biligame.com/dsp/%E3%80%8A%E6%88%B4%E6%A3%AE%E7%90%83%E8%AE%A1%E5%88%92%E3%80%8B%E4%BA%94%E6%9C%88%E6%9B%B4%E6%96%B0FAQ,815
《戴森球计划》五月更新预告,optional_updates,https://wiki.biligame.com/dsp/%E3%80%8A%E6%88%B4%E6%A3%AE%E7%90%83%E8%AE%A1%E5%88%92%E3%80%8B%E4%BA%94%E6%9C%88%E6%9B%B4%E6%96%B0%E9%A2%84%E5%91%8A,851
《戴森球计划》制作人直播公告,optional_updates,https://wiki.biligame.com/dsp/%E3%80%8A%E6%88%B4%E6%A3%AE%E7%90%83%E8%AE%A1%E5%88%92%E3%80%8B%E5%88%B6%E4%BD%9C%E4%BA%BA%E7%9B%B4%E6%92%AD%E5%85%AC%E5%91%8A,361
《戴森球计划》发售前FAQ,optional_updates,https://wiki.biligame.com/dsp/%E3%80%8A%E6%88%B4%E6%A3%AE%E7%90%83%E8%AE%A1%E5%88%92%E3%80%8B%E5%8F%91%E5%94%AE%E5%89%8DFAQ,1371
《戴森球计划》发售首日常见问题解答,optional_updates,https://wiki.biligame.com/dsp/%E3%80%8A%E6%88%B4%E6%A3%AE%E7%90%83%E8%AE%A1%E5%88%92%E3%80%8B%E5%8F%91%E5%94%AE%E9%A6%96%E6%97%A5%E5%B8%B8%E8%A7%81%E9%97%AE%E9%A2%98%E8%A7%A3%E7%AD%94,2267
《戴森球计划》大型免费更新“黑雾崛起”上线日期公开,optional_updates,https://wiki.biligame.com/dsp/%E3%80%8A%E6%88%B4%E6%A3%AE%E7%90%83%E8%AE%A1%E5%88%92%E3%80%8B%E5%A4%A7%E5%9E%8B%E5%85%8D%E8%B4%B9%E6%9B%B4%E6%96%B0%E2%80%9C%E9%BB%91%E9%9B%BE%E5%B4%9B%E8%B5%B7%E2%80%9D%E4%B8%8A%E7%BA%BF%E6%97%A5%E6%9C%9F%E5%85%AC%E5%BC%80,588
《戴森球计划》将于1月21日下午3时发售 定价70元,optional_updates,https://wiki.biligame.com/dsp/%E3%80%8A%E6%88%B4%E6%A3%AE%E7%90%83%E8%AE%A1%E5%88%92%E3%80%8B%E5%B0%86%E4%BA%8E1%E6%9C%8821%E6%97%A5%E4%B8%8B%E5%8D%883%E6%97%B6%E5%8F%91%E5%94%AE%20%E5%AE%9A%E4%BB%B770%E5%85%83,523
《戴森球计划》开发日志 -3：宇宙比例设定,optional_updates,https://wiki.biligame.com/dsp/%E3%80%8A%E6%88%B4%E6%A3%AE%E7%90%83%E8%AE%A1%E5%88%92%E3%80%8B%E5%BC%80%E5%8F%91%E6%97%A5%E5%BF%97%20-3%EF%BC%9A%E5%AE%87%E5%AE%99%E6%AF%94%E4%BE%8B%E8%AE%BE%E5%AE%9A,2252
《戴森球计划》开发进度近况（2021.6.11）,optional_updates,https://wiki.biligame.com/dsp/%E3%80%8A%E6%88%B4%E6%A3%AE%E7%90%83%E8%AE%A1%E5%88%92%E3%80%8B%E5%BC%80%E5%8F%91%E8%BF%9B%E5%BA%A6%E8%BF%91%E5%86%B5%EF%BC%882021.6.11%EF%BC%89,1000
《戴森球计划》开发进度近况（2021.6.19）,optional_updates,https://wiki.biligame.com/dsp/%E3%80%8A%E6%88%B4%E6%A3%AE%E7%90%83%E8%AE%A1%E5%88%92%E3%80%8B%E5%BC%80%E5%8F%91%E8%BF%9B%E5%BA%A6%E8%BF%91%E5%86%B5%EF%BC%882021.6.19%EF%BC%89,893
《戴森球计划》感谢有你，战斗系统继续制作中,optional_updates,https://wiki.biligame.com/dsp/%E3%80%8A%E6%88%B4%E6%A3%AE%E7%90%83%E8%AE%A1%E5%88%92%E3%80%8B%E6%84%9F%E8%B0%A2%E6%9C%89%E4%BD%A0%EF%BC%8C%E6%88%98%E6%96%97%E7%B3%BB%E7%BB%9F%E7%BB%A7%E7%BB%AD%E5%88%B6%E4%BD%9C%E4%B8%AD,552
《戴森球计划》战斗系统开发日志,optional_updates,https://wiki.biligame.com/dsp/%E3%80%8A%E6%88%B4%E6%A3%AE%E7%90%83%E8%AE%A1%E5%88%92%E3%80%8B%E6%88%98%E6%96%97%E7%B3%BB%E7%BB%9F%E5%BC%80%E5%8F%91%E6%97%A5%E5%BF%97,3124
《戴森球计划》新视频公开 众筹即将更新解锁目标,optional_updates,https://wiki.biligame.com/dsp/%E3%80%8A%E6%88%B4%E6%A3%AE%E7%90%83%E8%AE%A1%E5%88%92%E3%80%8B%E6%96%B0%E8%A7%86%E9%A2%91%E5%85%AC%E5%BC%80%20%E4%BC%97%E7%AD%B9%E5%8D%B3%E5%B0%86%E6%9B%B4%E6%96%B0%E8%A7%A3%E9%94%81%E7%9B%AE%E6%A0%87,563
《戴森球计划》更新提示,optional_updates,https://wiki.biligame.com/dsp/%E3%80%8A%E6%88%B4%E6%A3%AE%E7%90%83%E8%AE%A1%E5%88%92%E3%80%8B%E6%9B%B4%E6%96%B0%E6%8F%90%E7%A4%BA,402
《戴森球计划》更新日志 Version 0.6.15.5602,optional_updates,https://wiki.biligame.com/dsp/%E3%80%8A%E6%88%B4%E6%A3%AE%E7%90%83%E8%AE%A1%E5%88%92%E3%80%8B%E6%9B%B4%E6%96%B0%E6%97%A5%E5%BF%97%20Version%200.6.15.5602,490
《戴森球计划》更新日志 Version 0.6.15.5610,optional_updates,https://wiki.biligame.com/dsp/%E3%80%8A%E6%88%B4%E6%A3%AE%E7%90%83%E8%AE%A1%E5%88%92%E3%80%8B%E6%9B%B4%E6%96%B0%E6%97%A5%E5%BF%97%20Version%200.6.15.5610,473
《戴森球计划》更新日志 Version 0.6.15.5618,optional_updates,https://wiki.biligame.com/dsp/%E3%80%8A%E6%88%B4%E6%A3%AE%E7%90%83%E8%AE%A1%E5%88%92%E3%80%8B%E6%9B%B4%E6%96%B0%E6%97%A5%E5%BF%97%20Version%200.6.15.5618,344
《戴森球计划》更新日志 Version 0.6.15.5629,optional_updates,https://wiki.biligame.com/dsp/%E3%80%8A%E6%88%B4%E6%A3%AE%E7%90%83%E8%AE%A1%E5%88%92%E3%80%8B%E6%9B%B4%E6%96%B0%E6%97%A5%E5%BF%97%20Version%200.6.15.5629,588
《戴森球计划》更新日志 Version 0.6.15.5636,optional_updates,https://wiki.biligame.com/dsp/%E3%80%8A%E6%88%B4%E6%A3%AE%E7%90%83%E8%AE%A1%E5%88%92%E3%80%8B%E6%9B%B4%E6%96%B0%E6%97%A5%E5%BF%97%20Version%200.6.15.5636,673
《戴森球计划》更新日志 Version 0.6.15.5642,optional_updates,https://wiki.biligame.com/dsp/%E3%80%8A%E6%88%B4%E6%A3%AE%E7%90%83%E8%AE%A1%E5%88%92%E3%80%8B%E6%9B%B4%E6%96%B0%E6%97%A5%E5%BF%97%20Version%200.6.15.5642,460
《戴森球计划》更新日志 Version 0.6.15.5651,optional_updates,https://wiki.biligame.com/dsp/%E3%80%8A%E6%88%B4%E6%A3%AE%E7%90%83%E8%AE%A1%E5%88%92%E3%80%8B%E6%9B%B4%E6%96%B0%E6%97%A5%E5%BF%97%20Version%200.6.15.5651,728
《戴森球计划》更新日志 Version 0.6.15.5655,optional_updates,https://wiki.biligame.com/dsp/%E3%80%8A%E6%88%B4%E6%A3%AE%E7%90%83%E8%AE%A1%E5%88%92%E3%80%8B%E6%9B%B4%E6%96%B0%E6%97%A5%E5%BF%97%20Version%200.6.15.5655,402
《戴森球计划》更新日志 Version 0.6.15.5677,optional_updates,https://wiki.biligame.com/dsp/%E3%80%8A%E6%88%B4%E6%A3%AE%E7%90%83%E8%AE%A1%E5%88%92%E3%80%8B%E6%9B%B4%E6%96%B0%E6%97%A5%E5%BF%97%20Version%200.6.15.5677,486
《戴森球计划》更新日志 Version 0.6.15.5678,optional_updates,https://wiki.biligame.com/dsp/%E3%80%8A%E6%88%B4%E6%A3%AE%E7%90%83%E8%AE%A1%E5%88%92%E3%80%8B%E6%9B%B4%E6%96%B0%E6%97%A5%E5%BF%97%20Version%200.6.15.5678,357
《戴森球计划》更新日志 Version 0.6.15.5686,optional_updates,https://wiki.biligame.com/dsp/%E3%80%8A%E6%88%B4%E6%A3%AE%E7%90%83%E8%AE%A1%E5%88%92%E3%80%8B%E6%9B%B4%E6%96%B0%E6%97%A5%E5%BF%97%20Version%200.6.15.5686,417
《戴森球计划》更新日志 Version 0.6.15.5706,optional_updates,https://wiki.biligame.com/dsp/%E3%80%8A%E6%88%B4%E6%A3%AE%E7%90%83%E8%AE%A1%E5%88%92%E3%80%8B%E6%9B%B4%E6%96%B0%E6%97%A5%E5%BF%97%20Version%200.6.15.5706,489
《戴森球计划》更新日志 Version 0.6.16.5759,optional_updates,https://wiki.biligame.com/dsp/%E3%80%8A%E6%88%B4%E6%A3%AE%E7%90%83%E8%AE%A1%E5%88%92%E3%80%8B%E6%9B%B4%E6%96%B0%E6%97%A5%E5%BF%97%20Version%200.6.16.5759,624
《戴森球计划》更新日志 Version 0.6.16.5775,optional_updates,https://wiki.biligame.com/dsp/%E3%80%8A%E6%88%B4%E6%A3%AE%E7%90%83%E8%AE%A1%E5%88%92%E3%80%8B%E6%9B%B4%E6%96%B0%E6%97%A5%E5%BF%97%20Version%200.6.16.5775,652
《戴森球计划》更新日志 Version 0.6.16.5780,optional_updates,https://wiki.biligame.com/dsp/%E3%80%8A%E6%88%B4%E6%A3%AE%E7%90%83%E8%AE%A1%E5%88%92%E3%80%8B%E6%9B%B4%E6%96%B0%E6%97%A5%E5%BF%97%20Version%200.6.16.5780,479
《戴森球计划》更新日志 Version 0.6.17.5827,optional_updates,https://wiki.biligame.com/dsp/%E3%80%8A%E6%88%B4%E6%A3%AE%E7%90%83%E8%AE%A1%E5%88%92%E3%80%8B%E6%9B%B4%E6%96%B0%E6%97%A5%E5%BF%97%20Version%200.6.17.5827,698
《戴森球计划》更新日志 Version 0.6.17.5831,optional_updates,https://wiki.biligame.com/dsp/%E3%80%8A%E6%88%B4%E6%A3%AE%E7%90%83%E8%AE%A1%E5%88%92%E3%80%8B%E6%9B%B4%E6%96%B0%E6%97%A5%E5%BF%97%20Version%200.6.17.5831,374
《戴森球计划》更新日志 Version 0.6.17.5932,optional_updates,https://wiki.biligame.com/dsp/%E3%80%8A%E6%88%B4%E6%A3%AE%E7%90%83%E8%AE%A1%E5%88%92%E3%80%8B%E6%9B%B4%E6%96%B0%E6%97%A5%E5%BF%97%20Version%200.6.17.5932,543
《戴森球计划》更新日志 Version 0.6.17.5972,optional_updates,https://wiki.biligame.com/dsp/%E3%80%8A%E6%88%B4%E6%A3%AE%E7%90%83%E8%AE%A1%E5%88%92%E3%80%8B%E6%9B%B4%E6%96%B0%E6%97%A5%E5%BF%97%20Version%200.6.17.5972,702
《戴森球计划》更新日志 Version 0.6.17.6112,optional_updates,https://wiki.biligame.com/dsp/%E3%80%8A%E6%88%B4%E6%A3%AE%E7%90%83%E8%AE%A1%E5%88%92%E3%80%8B%E6%9B%B4%E6%96%B0%E6%97%A5%E5%BF%97%20Version%200.6.17.6112,722
《戴森球计划》更新日志 Version 0.6.17.6137,optional_updates,https://wiki.biligame.com/dsp/%E3%80%8A%E6%88%B4%E6%A3%AE%E7%90%83%E8%AE%A1%E5%88%92%E3%80%8B%E6%9B%B4%E6%96%B0%E6%97%A5%E5%BF%97%20Version%200.6.17.6137,507
《戴森球计划》更新日志 Version 0.7.18.6921,optional_updates,https://wiki.biligame.com/dsp/%E3%80%8A%E6%88%B4%E6%A3%AE%E7%90%83%E8%AE%A1%E5%88%92%E3%80%8B%E6%9B%B4%E6%96%B0%E6%97%A5%E5%BF%97%20Version%200.7.18.6921,344
《戴森球计划》更新日志 Version 0.7.18.6940,optional_updates,https://wiki.biligame.com/dsp/%E3%80%8A%E6%88%B4%E6%A3%AE%E7%90%83%E8%AE%A1%E5%88%92%E3%80%8B%E6%9B%B4%E6%96%B0%E6%97%A5%E5%BF%97%20Version%200.7.18.6940,436
《戴森球计划》更新日志 Version 0.7.18.7063,optional_updates,https://wiki.biligame.com/dsp/%E3%80%8A%E6%88%B4%E6%A3%AE%E7%90%83%E8%AE%A1%E5%88%92%E3%80%8B%E6%9B%B4%E6%96%B0%E6%97%A5%E5%BF%97%20Version%200.7.18.7063,828
《戴森球计划》更新日志 Version 0.7.18.7070 ~ 0.7.18.7085,optional_updates,https://wiki.biligame.com/dsp/%E3%80%8A%E6%88%B4%E6%A3%AE%E7%90%83%E8%AE%A1%E5%88%92%E3%80%8B%E6%9B%B4%E6%96%B0%E6%97%A5%E5%BF%97%20Version%200.7.18.7070%20~%200.7.18.7085,709
《戴森球计划》更新日志 Version 0.7.18.7103,optional_updates,https://wiki.biligame.com/dsp/%E3%80%8A%E6%88%B4%E6%A3%AE%E7%90%83%E8%AE%A1%E5%88%92%E3%80%8B%E6%9B%B4%E6%96%B0%E6%97%A5%E5%BF%97%20Version%200.7.18.7103,538
《戴森球计划》更新日志 Version 0.7.18.7178,optional_updates,https://wiki.biligame.com/dsp/%E3%80%8A%E6%88%B4%E6%A3%AE%E7%90%83%E8%AE%A1%E5%88%92%E3%80%8B%E6%9B%B4%E6%96%B0%E6%97%A5%E5%BF%97%20Version%200.7.18.7178,1106
《戴森球计划》更新日志 Version 0.7.18.7189,optional_updates,https://wiki.biligame.com/dsp/%E3%80%8A%E6%88%B4%E6%A3%AE%E7%90%83%E8%AE%A1%E5%88%92%E3%80%8B%E6%9B%B4%E6%96%B0%E6%97%A5%E5%BF%97%20Version%200.7.18.7189,383
《戴森球计划》更新日志 Version 0.7.18.7275,optional_updates,https://wiki.biligame.com/dsp/%E3%80%8A%E6%88%B4%E6%A3%AE%E7%90%83%E8%AE%A1%E5%88%92%E3%80%8B%E6%9B%B4%E6%96%B0%E6%97%A5%E5%BF%97%20Version%200.7.18.7275,868
《戴森球计划》更新日志 Version 0.8.21.8562,optional_updates,https://wiki.biligame.com/dsp/%E3%80%8A%E6%88%B4%E6%A3%AE%E7%90%83%E8%AE%A1%E5%88%92%E3%80%8B%E6%9B%B4%E6%96%B0%E6%97%A5%E5%BF%97%20Version%200.8.21.8562,905
《戴森球计划》更新日志 Version 0.8.22.8915,optional_updates,https://wiki.biligame.com/dsp/%E3%80%8A%E6%88%B4%E6%A3%AE%E7%90%83%E8%AE%A1%E5%88%92%E3%80%8B%E6%9B%B4%E6%96%B0%E6%97%A5%E5%BF%97%20Version%200.8.22.8915,729
《戴森球计划》更新日志 Version 0.8.22.9331,optional_updates,https://wiki.biligame.com/dsp/%E3%80%8A%E6%88%B4%E6%A3%AE%E7%90%83%E8%AE%A1%E5%88%92%E3%80%8B%E6%9B%B4%E6%96%B0%E6%97%A5%E5%BF%97%20Version%200.8.22.9331,578
《戴森球计划》更新日志 Version 0.8.23.9808,optional_updates,https://wiki.biligame.com/dsp/%E3%80%8A%E6%88%B4%E6%A3%AE%E7%90%83%E8%AE%A1%E5%88%92%E3%80%8B%E6%9B%B4%E6%96%B0%E6%97%A5%E5%BF%97%20Version%200.8.23.9808,888
《戴森球计划》更新日志 Version 0.8.23.9832,optional_updates,https://wiki.biligame.com/dsp/%E3%80%8A%E6%88%B4%E6%A3%AE%E7%90%83%E8%AE%A1%E5%88%92%E3%80%8B%E6%9B%B4%E6%96%B0%E6%97%A5%E5%BF%97%20Version%200.8.23.9832,390
《戴森球计划》更新日志 Version 0.8.23.9925,optional_updates,https://wiki.biligame.com/dsp/%E3%80%8A%E6%88%B4%E6%A3%AE%E7%90%83%E8%AE%A1%E5%88%92%E3%80%8B%E6%9B%B4%E6%96%B0%E6%97%A5%E5%BF%97%20Version%200.8.23.9925,645
《戴森球计划》更新日志 Version 0.8.23.9989,optional_updates,https://wiki.biligame.com/dsp/%E3%80%8A%E6%88%B4%E6%A3%AE%E7%90%83%E8%AE%A1%E5%88%92%E3%80%8B%E6%9B%B4%E6%96%B0%E6%97%A5%E5%BF%97%20Version%200.8.23.9989,443
《戴森球计划》更新日志 Version 0.9.24.11209,optional_updates,https://wiki.biligame.com/dsp/%E3%80%8A%E6%88%B4%E6%A3%AE%E7%90%83%E8%AE%A1%E5%88%92%E3%80%8B%E6%9B%B4%E6%96%B0%E6%97%A5%E5%BF%97%20Version%200.9.24.11209,499
《戴森球计划》更新日志 Version 0.9.24.11240,optional_updates,https://wiki.biligame.com/dsp/%E3%80%8A%E6%88%B4%E6%A3%AE%E7%90%83%E8%AE%A1%E5%88%92%E3%80%8B%E6%9B%B4%E6%96%B0%E6%97%A5%E5%BF%97%20Version%200.9.24.11240,612
《戴森球计划》更新日志 Version 0.9.24.11271,optional_updates,https://wiki.biligame.com/dsp/%E3%80%8A%E6%88%B4%E6%A3%AE%E7%90%83%E8%AE%A1%E5%88%92%E3%80%8B%E6%9B%B4%E6%96%B0%E6%97%A5%E5%BF%97%20Version%200.9.24.11271,463
《戴森球计划》更新日志 Version 0.9.25.11985 & FAQ,optional_updates,https://wiki.biligame.com/dsp/%E3%80%8A%E6%88%B4%E6%A3%AE%E7%90%83%E8%AE%A1%E5%88%92%E3%80%8B%E6%9B%B4%E6%96%B0%E6%97%A5%E5%BF%97%20Version%200.9.25.11985%20%26%20FAQ,2763
《戴森球计划》更新日志 Version 0.9.25.11996,optional_updates,https://wiki.biligame.com/dsp/%E3%80%8A%E6%88%B4%E6%A3%AE%E7%90%83%E8%AE%A1%E5%88%92%E3%80%8B%E6%9B%B4%E6%96%B0%E6%97%A5%E5%BF%97%20Version%200.9.25.11996,360
《戴森球计划》更新日志 Version 0.9.25.12077,optional_updates,https://wiki.biligame.com/dsp/%E3%80%8A%E6%88%B4%E6%A3%AE%E7%90%83%E8%AE%A1%E5%88%92%E3%80%8B%E6%9B%B4%E6%96%B0%E6%97%A5%E5%BF%97%20Version%200.9.25.12077,387
《戴森球计划》更新日志 Version 0.9.25.12201,optional_updates,https://wiki.biligame.com/dsp/%E3%80%8A%E6%88%B4%E6%A3%AE%E7%90%83%E8%AE%A1%E5%88%92%E3%80%8B%E6%9B%B4%E6%96%B0%E6%97%A5%E5%BF%97%20Version%200.9.25.12201,578
《戴森球计划》更新日志 Version 0.9.26.12891,optional_updates,https://wiki.biligame.com/dsp/%E3%80%8A%E6%88%B4%E6%A3%AE%E7%90%83%E8%AE%A1%E5%88%92%E3%80%8B%E6%9B%B4%E6%96%B0%E6%97%A5%E5%BF%97%20Version%200.9.26.12891,2150
《戴森球计划》更新日志 Version 0.9.26.12913,optional_updates,https://wiki.biligame.com/dsp/%E3%80%8A%E6%88%B4%E6%A3%AE%E7%90%83%E8%AE%A1%E5%88%92%E3%80%8B%E6%9B%B4%E6%96%B0%E6%97%A5%E5%BF%97%20Version%200.9.26.12913,402
《戴森球计划》更新日志 Version 0.9.26.13026,optional_updates,https://wiki.biligame.com/dsp/%E3%80%8A%E6%88%B4%E6%A3%AE%E7%90%83%E8%AE%A1%E5%88%92%E3%80%8B%E6%9B%B4%E6%96%B0%E6%97%A5%E5%BF%97%20Version%200.9.26.13026,570
《戴森球计划》更新日志 Version 0.9.27.14546,optional_updates,https://wiki.biligame.com/dsp/%E3%80%8A%E6%88%B4%E6%A3%AE%E7%90%83%E8%AE%A1%E5%88%92%E3%80%8B%E6%9B%B4%E6%96%B0%E6%97%A5%E5%BF%97%20Version%200.9.27.14546,1575
《戴森球计划》更新日志 Version 0.9.27.14659,optional_updates,https://wiki.biligame.com/dsp/%E3%80%8A%E6%88%B4%E6%A3%AE%E7%90%83%E8%AE%A1%E5%88%92%E3%80%8B%E6%9B%B4%E6%96%B0%E6%97%A5%E5%BF%97%20Version%200.9.27.14659,683
《戴森球计划》更新日志 Version 0.9.27.15033,optional_updates,https://wiki.biligame.com/dsp/%E3%80%8A%E6%88%B4%E6%A3%AE%E7%90%83%E8%AE%A1%E5%88%92%E3%80%8B%E6%9B%B4%E6%96%B0%E6%97%A5%E5%BF%97%20Version%200.9.27.15033,915
《戴森球计划》更新日志 Version 0.9.27.15466,optional_updates,https://wiki.biligame.com/dsp/%E3%80%8A%E6%88%B4%E6%A3%AE%E7%90%83%E8%AE%A1%E5%88%92%E3%80%8B%E6%9B%B4%E6%96%B0%E6%97%A5%E5%BF%97%20Version%200.9.27.15466,957
《戴森球计划》更新日志 Version V0.10.28.20729,optional_updates,https://wiki.biligame.com/dsp/%E3%80%8A%E6%88%B4%E6%A3%AE%E7%90%83%E8%AE%A1%E5%88%92%E3%80%8B%E6%9B%B4%E6%96%B0%E6%97%A5%E5%BF%97%20Version%20V0.10.28.20729,2326
《戴森球计划》更新日志 version 0.7.18.6914,optional_updates,https://wiki.biligame.com/dsp/%E3%80%8A%E6%88%B4%E6%A3%AE%E7%90%83%E8%AE%A1%E5%88%92%E3%80%8B%E6%9B%B4%E6%96%B0%E6%97%A5%E5%BF%97%20version%200.7.18.6914,1629
《戴森球计划》更新日志 version 0.8.19.7662,optional_updates,https://wiki.biligame.com/dsp/%E3%80%8A%E6%88%B4%E6%A3%AE%E7%90%83%E8%AE%A1%E5%88%92%E3%80%8B%E6%9B%B4%E6%96%B0%E6%97%A5%E5%BF%97%20version%200.8.19.7662,1135
《戴森球计划》版本前瞻——“进化的伊卡洛斯”,optional_updates,https://wiki.biligame.com/dsp/%E3%80%8A%E6%88%B4%E6%A3%AE%E7%90%83%E8%AE%A1%E5%88%92%E3%80%8B%E7%89%88%E6%9C%AC%E5%89%8D%E7%9E%BB%E2%80%94%E2%80%94%E2%80%9C%E8%BF%9B%E5%8C%96%E7%9A%84%E4%BC%8A%E5%8D%A1%E6%B4%9B%E6%96%AF%E2%80%9D,782
《戴森球计划》现已发售,optional_updates,https://wiki.biligame.com/dsp/%E3%80%8A%E6%88%B4%E6%A3%AE%E7%90%83%E8%AE%A1%E5%88%92%E3%80%8B%E7%8E%B0%E5%B7%B2%E5%8F%91%E5%94%AE,877
《戴森球计划》蓝图版本公告（2021.7.19）,optional_updates,https://wiki.biligame.com/dsp/%E3%80%8A%E6%88%B4%E6%A3%AE%E7%90%83%E8%AE%A1%E5%88%92%E3%80%8B%E8%93%9D%E5%9B%BE%E7%89%88%E6%9C%AC%E5%85%AC%E5%91%8A%EF%BC%882021.7.19%EF%BC%89,502
一个小小的延期公告,optional_updates,https://wiki.biligame.com/dsp/%E4%B8%80%E4%B8%AA%E5%B0%8F%E5%B0%8F%E7%9A%84%E5%BB%B6%E6%9C%9F%E5%85%AC%E5%91%8A,453
一周年特别活动“机甲自定义大赛”现已开启！,optional_updates,https://wiki.biligame.com/dsp/%E4%B8%80%E5%91%A8%E5%B9%B4%E7%89%B9%E5%88%AB%E6%B4%BB%E5%8A%A8%E2%80%9C%E6%9C%BA%E7%94%B2%E8%87%AA%E5%AE%9A%E4%B9%89%E5%A4%A7%E8%B5%9B%E2%80%9D%E7%8E%B0%E5%B7%B2%E5%BC%80%E5%90%AF%EF%BC%81,519
众筹现已启动！,optional_updates,https://wiki.biligame.com/dsp/%E4%BC%97%E7%AD%B9%E7%8E%B0%E5%B7%B2%E5%90%AF%E5%8A%A8%EF%BC%81,677
发在上线前的《戴森球计划》开发日志,optional_updates,https://wiki.biligame.com/dsp/%E5%8F%91%E5%9C%A8%E4%B8%8A%E7%BA%BF%E5%89%8D%E7%9A%84%E3%80%8A%E6%88%B4%E6%A3%AE%E7%90%83%E8%AE%A1%E5%88%92%E3%80%8B%E5%BC%80%E5%8F%91%E6%97%A5%E5%BF%97,2244
发在春节假期的《戴森球计划》开发日志-2,optional_updates,https://wiki.biligame.com/dsp/%E5%8F%91%E5%9C%A8%E6%98%A5%E8%8A%82%E5%81%87%E6%9C%9F%E7%9A%84%E3%80%8A%E6%88%B4%E6%A3%AE%E7%90%83%E8%AE%A1%E5%88%92%E3%80%8B%E5%BC%80%E5%8F%91%E6%97%A5%E5%BF%97-2,3630
圣诞节快乐&一些改动的前瞻,optional_updates,https://wiki.biligame.com/dsp/%E5%9C%A3%E8%AF%9E%E8%8A%82%E5%BF%AB%E4%B9%90%26%E4%B8%80%E4%BA%9B%E6%94%B9%E5%8A%A8%E7%9A%84%E5%89%8D%E7%9E%BB,678
小型更新 V0.10.28.20779,optional_updates,https://wiki.biligame.com/dsp/%E5%B0%8F%E5%9E%8B%E6%9B%B4%E6%96%B0%20V0.10.28.20779,441
小型更新 V0.10.28.20829,optional_updates,https://wiki.biligame.com/dsp/%E5%B0%8F%E5%9E%8B%E6%9B%B4%E6%96%B0%20V0.10.28.20829,810
小型更新 V0.10.28.20856,optional_updates,https://wiki.biligame.com/dsp/%E5%B0%8F%E5%9E%8B%E6%9B%B4%E6%96%B0%20V0.10.28.20856,395
小型更新 V0.10.28.20904,optional_updates,https://wiki.biligame.com/dsp/%E5%B0%8F%E5%9E%8B%E6%9B%B4%E6%96%B0%20V0.10.28.20904,586
小型更新 V0.10.28.20959,optional_updates,https://wiki.biligame.com/dsp/%E5%B0%8F%E5%9E%8B%E6%9B%B4%E6%96%B0%20V0.10.28.20959,559
小型更新 V0.10.28.21011,optional_updates,https://wiki.biligame.com/dsp/%E5%B0%8F%E5%9E%8B%E6%9B%B4%E6%96%B0%20V0.10.28.21011,438
小型更新 V0.10.28.21014,optional_updates,https://wiki.biligame.com/dsp/%E5%B0%8F%E5%9E%8B%E6%9B%B4%E6%96%B0%20V0.10.28.21014,345
战斗系统前瞻（1）背景与初步内容,optional_updates,https://wiki.biligame.com/dsp/%E6%88%98%E6%96%97%E7%B3%BB%E7%BB%9F%E5%89%8D%E7%9E%BB%EF%BC%881%EF%BC%89%E8%83%8C%E6%99%AF%E4%B8%8E%E5%88%9D%E6%AD%A5%E5%86%85%E5%AE%B9,1697
新增档位与众筹解锁目标将于本周三更新,optional_updates,https://wiki.biligame.com/dsp/%E6%96%B0%E5%A2%9E%E6%A1%A3%E4%BD%8D%E4%B8%8E%E4%BC%97%E7%AD%B9%E8%A7%A3%E9%94%81%E7%9B%AE%E6%A0%87%E5%B0%86%E4%BA%8E%E6%9C%AC%E5%91%A8%E4%B8%89%E6%9B%B4%E6%96%B0,941
新年快乐~,optional_updates,https://wiki.biligame.com/dsp/%E6%96%B0%E5%B9%B4%E5%BF%AB%E4%B9%90~,331
新年快乐，感谢你们的陪伴！,optional_updates,https://wiki.biligame.com/dsp/%E6%96%B0%E5%B9%B4%E5%BF%AB%E4%B9%90%EF%BC%8C%E6%84%9F%E8%B0%A2%E4%BD%A0%E4%BB%AC%E7%9A%84%E9%99%AA%E4%BC%B4%EF%BC%81,295
更新日志,optional_updates,https://wiki.biligame.com/dsp/%E6%9B%B4%E6%96%B0%E6%97%A5%E5%BF%97,55562
更新日志 V0.10.28.21172,optional_updates,https://wiki.biligame.com/dsp/%E6%9B%B4%E6%96%B0%E6%97%A5%E5%BF%97%20V0.10.28.21172,1330
更新日志 V0.10.30.23272,optional_updates,https://wiki.biligame.com/dsp/%E6%9B%B4%E6%96%B0%E6%97%A5%E5%BF%97%20V0.10.30.23272,1822
更新日志 V0.10.30.23341,optional_updates,https://wiki.biligame.com/dsp/%E6%9B%B4%E6%96%B0%E6%97%A5%E5%BF%97%20V0.10.30.23341,779
更新日志 V0.10.30.23430,optional_updates,https://wiki.biligame.com/dsp/%E6%9B%B4%E6%96%B0%E6%97%A5%E5%BF%97%20V0.10.30.23430,676
更新日志 V0.10.32.25496,optional_updates,https://wiki.biligame.com/dsp/%E6%9B%B4%E6%96%B0%E6%97%A5%E5%BF%97%20V0.10.32.25496,1677
更新日志 V0.10.32.25682,optional_updates,https://wiki.biligame.com/dsp/%E6%9B%B4%E6%96%B0%E6%97%A5%E5%BF%97%20V0.10.32.25682,846
更新日志 V0.10.34.28281,optional_updates,https://wiki.biligame.com/dsp/%E6%9B%B4%E6%96%B0%E6%97%A5%E5%BF%97%20V0.10.34.28281,1753
更新日志0.10.29.28154 给大家拜个早年,optional_updates,https://wiki.biligame.com/dsp/%E6%9B%B4%E6%96%B0%E6%97%A5%E5%BF%970.10.29.28154%20%E7%BB%99%E5%A4%A7%E5%AE%B6%E6%8B%9C%E4%B8%AA%E6%97%A9%E5%B9%B4,1546
更新日志V0.10.30.22243,optional_updates,https://wiki.biligame.com/dsp/%E6%9B%B4%E6%96%B0%E6%97%A5%E5%BF%97V0.10.30.22243,947
更新日志V0.10.30.23272,optional_updates,https://wiki.biligame.com/dsp/%E6%9B%B4%E6%96%B0%E6%97%A5%E5%BF%97V0.10.30.23272,2400
更新日志V0.10.31.24632,optional_updates,https://wiki.biligame.com/dsp/%E6%9B%B4%E6%96%B0%E6%97%A5%E5%BF%97V0.10.31.24632,2415
更新日志V0.10.31.24646,optional_updates,https://wiki.biligame.com/dsp/%E6%9B%B4%E6%96%B0%E6%97%A5%E5%BF%97V0.10.31.24646,2511
更新日志V0.10.32.25496,optional_updates,https://wiki.biligame.com/dsp/%E6%9B%B4%E6%96%B0%E6%97%A5%E5%BF%97V0.10.32.25496,1710
更新日志V0.6.16.5759,optional_updates,https://wiki.biligame.com/dsp/%E6%9B%B4%E6%96%B0%E6%97%A5%E5%BF%97V0.6.16.5759,578
更新日志V0.7.18.6914,optional_updates,https://wiki.biligame.com/dsp/%E6%9B%B4%E6%96%B0%E6%97%A5%E5%BF%97V0.7.18.6914,1550
更新日志V0.8.23.9925,optional_updates,https://wiki.biligame.com/dsp/%E6%9B%B4%E6%96%B0%E6%97%A5%E5%BF%97V0.8.23.9925,167
更新日志V0.9.24.11182,optional_updates,https://wiki.biligame.com/dsp/%E6%9B%B4%E6%96%B0%E6%97%A5%E5%BF%97V0.9.24.11182,1852
更新日志V0.9.25.11985,optional_updates,https://wiki.biligame.com/dsp/%E6%9B%B4%E6%96%B0%E6%97%A5%E5%BF%97V0.9.25.11985,1359
更新日志V0.9.27.15466,optional_updates,https://wiki.biligame.com/dsp/%E6%9B%B4%E6%96%B0%E6%97%A5%E5%BF%97V0.9.27.15466,515
请个小假，提前祝大家冬至快乐！,optional_updates,https://wiki.biligame.com/dsp/%E8%AF%B7%E4%B8%AA%E5%B0%8F%E5%81%87%EF%BC%8C%E6%8F%90%E5%89%8D%E7%A5%9D%E5%A4%A7%E5%AE%B6%E5%86%AC%E8%87%B3%E5%BF%AB%E4%B9%90%EF%BC%81,531
除夕快乐！戴森球计划2周年感言和近日情况,optional_updates,https://wiki.biligame.com/dsp/%E9%99%A4%E5%A4%95%E5%BF%AB%E4%B9%90%EF%BC%81%E6%88%B4%E6%A3%AE%E7%90%83%E8%AE%A1%E5%88%922%E5%91%A8%E5%B9%B4%E6%84%9F%E8%A8%80%E5%92%8C%E8%BF%91%E6%97%A5%E6%83%85%E5%86%B5,484
任务完成！,recommended_achievements,https://wiki.biligame.com/dsp/%E4%BB%BB%E5%8A%A1%E5%AE%8C%E6%88%90%EF%BC%81,98
十二充电塔超级快充,recommended_achievements,https://wiki.biligame.com/dsp/%E5%8D%81%E4%BA%8C%E5%85%85%E7%94%B5%E5%A1%94%E8%B6%85%E7%BA%A7%E5%BF%AB%E5%85%85,563
升级,recommended_achievements,https://wiki.biligame.com/dsp/%E5%8D%87%E7%BA%A7,11739
大型更新“黑雾崛起”现已上线,recommended_achievements,https://wiki.biligame.com/dsp/%E5%A4%A7%E5%9E%8B%E6%9B%B4%E6%96%B0%E2%80%9C%E9%BB%91%E9%9B%BE%E5%B4%9B%E8%B5%B7%E2%80%9D%E7%8E%B0%E5%B7%B2%E4%B8%8A%E7%BA%BF,2663
工程师,recommended_achievements,https://wiki.biligame.com/dsp/%E5%B7%A5%E7%A8%8B%E5%B8%88,123
成就,recommended_achievements,https://wiki.biligame.com/dsp/%E6%88%90%E5%B0%B1,6241
燃料,recommended_achievements,https://wiki.biligame.com/dsp/%E7%87%83%E6%96%99,1990
科技,recommended_achievements,https://wiki.biligame.com/dsp/%E7%A7%91%E6%8A%80,3651
能量碎片,recommended_achievements,https://wiki.biligame.com/dsp/%E8%83%BD%E9%87%8F%E7%A2%8E%E7%89%87,349
里程碑,recommended_achievements,https://wiki.biligame.com/dsp/%E9%87%8C%E7%A8%8B%E7%A2%91,5850
一种充分利用传送带运力的高效产线设计,recommended_buildings,https://wiki.biligame.com/dsp/%E4%B8%80%E7%A7%8D%E5%85%85%E5%88%86%E5%88%A9%E7%94%A8%E4%BC%A0%E9%80%81%E5%B8%A6%E8%BF%90%E5%8A%9B%E7%9A%84%E9%AB%98%E6%95%88%E4%BA%A7%E7%BA%BF%E8%AE%BE%E8%AE%A1,1607
人造恒星,recommended_buildings,https://wiki.biligame.com/dsp/%E4%BA%BA%E9%80%A0%E6%81%92%E6%98%9F,527
仓储,recommended_buildings,https://wiki.biligame.com/dsp/%E4%BB%93%E5%82%A8,419
传送带,recommended_buildings,https://wiki.biligame.com/dsp/%E4%BC%A0%E9%80%81%E5%B8%A6,3893
位面熔炉,recommended_buildings,https://wiki.biligame.com/dsp/%E4%BD%8D%E9%9D%A2%E7%86%94%E7%82%89,1333
储液罐,recommended_buildings,https://wiki.biligame.com/dsp/%E5%82%A8%E6%B6%B2%E7%BD%90,480
全息信标,recommended_buildings,https://wiki.biligame.com/dsp/%E5%85%A8%E6%81%AF%E4%BF%A1%E6%A0%87,175
分拣器,recommended_buildings,https://wiki.biligame.com/dsp/%E5%88%86%E6%8B%A3%E5%99%A8,1681
分馏塔,recommended_buildings,https://wiki.biligame.com/dsp/%E5%88%86%E9%A6%8F%E5%A1%94,2248
制造台,recommended_buildings,https://wiki.biligame.com/dsp/%E5%88%B6%E9%80%A0%E5%8F%B0,1356
制造台MK.I,recommended_buildings,https://wiki.biligame.com/dsp/%E5%88%B6%E9%80%A0%E5%8F%B0MK.I,1356
制造台MK.II,recommended_buildings,https://wiki.biligame.com/dsp/%E5%88%B6%E9%80%A0%E5%8F%B0MK.II,1348
制造台MK.III,recommended_buildings,https://wiki.biligame.com/dsp/%E5%88%B6%E9%80%A0%E5%8F%B0MK.III,1377
制造台Mk.I,recommended_buildings,https://wiki.biligame.com/dsp/%E5%88%B6%E9%80%A0%E5%8F%B0Mk.I,1356
制造台Mk.II,recommended_buildings,https://wiki.biligame.com/dsp/%E5%88%B6%E9%80%A0%E5%8F%B0Mk.II,1348
制造台Mk.III,recommended_buildings,https://wiki.biligame.com/dsp/%E5%88%B6%E9%80%A0%E5%8F%B0Mk.III,1377
化工厂,recommended_buildings,https://wiki.biligame.com/dsp/%E5%8C%96%E5%B7%A5%E5%8E%82,955
卫星配电站,recommended_buildings,https://wiki.biligame.com/dsp/%E5%8D%AB%E6%98%9F%E9%85%8D%E7%94%B5%E7%AB%99,237
原油精炼厂,recommended_buildings,https://wiki.biligame.com/dsp/%E5%8E%9F%E6%B2%B9%E7%B2%BE%E7%82%BC%E5%8E%82,1707
原油萃取站,recommended_buildings,https://wiki.biligame.com/dsp/%E5%8E%9F%E6%B2%B9%E8%90%83%E5%8F%96%E7%AB%99,565
喷涂机,recommended_buildings,https://wiki.biligame.com/dsp/%E5%96%B7%E6%B6%82%E6%9C%BA,3083
四向分流器,recommended_buildings,https://wiki.biligame.com/dsp/%E5%9B%9B%E5%90%91%E5%88%86%E6%B5%81%E5%99%A8,1932
垂直发射井,recommended_buildings,https://wiki.biligame.com/dsp/%E5%9E%82%E7%9B%B4%E5%8F%91%E5%B0%84%E4%BA%95,509
垂直发射井（科技）,recommended_buildings,https://wiki.biligame.com/dsp/%E5%9E%82%E7%9B%B4%E5%8F%91%E5%B0%84%E4%BA%95%EF%BC%88%E7%A7%91%E6%8A%80%EF%BC%89,105
大型储物仓,recommended_buildings,https://wiki.biligame.com/dsp/%E5%A4%A7%E5%9E%8B%E5%82%A8%E7%89%A9%E4%BB%93,599
大型采矿机,recommended_buildings,https://wiki.biligame.com/dsp/%E5%A4%A7%E5%9E%8B%E9%87%87%E7%9F%BF%E6%9C%BA,1444
太阳能板,recommended_buildings,https://wiki.biligame.com/dsp/%E5%A4%AA%E9%98%B3%E8%83%BD%E6%9D%BF,621
导弹防御塔（科技）,recommended_buildings,https://wiki.biligame.com/dsp/%E5%AF%BC%E5%BC%B9%E9%98%B2%E5%BE%A1%E5%A1%94%EF%BC%88%E7%A7%91%E6%8A%80%EF%BC%89,116
射线接收站,recommended_buildings,https://wiki.biligame.com/dsp/%E5%B0%84%E7%BA%BF%E6%8E%A5%E6%94%B6%E7%AB%99,3260
射线接收站（科技）,recommended_buildings,https://wiki.biligame.com/dsp/%E5%B0%84%E7%BA%BF%E6%8E%A5%E6%94%B6%E7%AB%99%EF%BC%88%E7%A7%91%E6%8A%80%EF%BC%89,114
小型储物仓,recommended_buildings,https://wiki.biligame.com/dsp/%E5%B0%8F%E5%9E%8B%E5%82%A8%E7%89%A9%E4%BB%93,587
建筑,recommended_buildings,https://wiki.biligame.com/dsp/%E5%BB%BA%E7%AD%91,65
微型粒子对撞机,recommended_buildings,https://wiki.biligame.com/dsp/%E5%BE%AE%E5%9E%8B%E7%B2%92%E5%AD%90%E5%AF%B9%E6%92%9E%E6%9C%BA,637
微型聚变发电站,recommended_buildings,https://wiki.biligame.com/dsp/%E5%BE%AE%E5%9E%8B%E8%81%9A%E5%8F%98%E5%8F%91%E7%94%B5%E7%AB%99,527
战场分析基站（科技）,recommended_buildings,https://wiki.biligame.com/dsp/%E6%88%98%E5%9C%BA%E5%88%86%E6%9E%90%E5%9F%BA%E7%AB%99%EF%BC%88%E7%A7%91%E6%8A%80%EF%BC%89,93
戴森球,recommended_buildings,https://wiki.biligame.com/dsp/%E6%88%B4%E6%A3%AE%E7%90%83,3118
抽水站,recommended_buildings,https://wiki.biligame.com/dsp/%E6%8A%BD%E6%B0%B4%E7%AB%99,511
无线输电塔,recommended_buildings,https://wiki.biligame.com/dsp/%E6%97%A0%E7%BA%BF%E8%BE%93%E7%94%B5%E5%A1%94,454
星际物流运输站,recommended_buildings,https://wiki.biligame.com/dsp/%E6%98%9F%E9%99%85%E7%89%A9%E6%B5%81%E8%BF%90%E8%BE%93%E7%AB%99,4850
术语:传送带货物容量最小单位,recommended_buildings,https://wiki.biligame.com/dsp/%E6%9C%AF%E8%AF%AD:%E4%BC%A0%E9%80%81%E5%B8%A6%E8%B4%A7%E7%89%A9%E5%AE%B9%E9%87%8F%E6%9C%80%E5%B0%8F%E5%8D%95%E4%BD%8D,935
极速传送带,recommended_buildings,https://wiki.biligame.com/dsp/%E6%9E%81%E9%80%9F%E4%BC%A0%E9%80%81%E5%B8%A6,3850
极速分拣器,recommended_buildings,https://wiki.biligame.com/dsp/%E6%9E%81%E9%80%9F%E5%88%86%E6%8B%A3%E5%99%A8,1685
流速监测器,recommended_buildings,https://wiki.biligame.com/dsp/%E6%B5%81%E9%80%9F%E7%9B%91%E6%B5%8B%E5%99%A8,1647
火力发电厂,recommended_buildings,https://wiki.biligame.com/dsp/%E7%81%AB%E5%8A%9B%E5%8F%91%E7%94%B5%E5%8E%82,2774
熔炉,recommended_buildings,https://wiki.biligame.com/dsp/%E7%86%94%E7%82%89,1304
物流,recommended_buildings,https://wiki.biligame.com/dsp/%E7%89%A9%E6%B5%81,547
物流运输站到底怎么用,recommended_buildings,https://wiki.biligame.com/dsp/%E7%89%A9%E6%B5%81%E8%BF%90%E8%BE%93%E7%AB%99%E5%88%B0%E5%BA%95%E6%80%8E%E4%B9%88%E7%94%A8,1653
物流配送器,recommended_buildings,https://wiki.biligame.com/dsp/%E7%89%A9%E6%B5%81%E9%85%8D%E9%80%81%E5%99%A8,2726
生产,recommended_buildings,https://wiki.biligame.com/dsp/%E7%94%9F%E4%BA%A7,373
电力,recommended_buildings,https://wiki.biligame.com/dsp/%E7%94%B5%E5%8A%9B,859
电力感应塔,recommended_buildings,https://wiki.biligame.com/dsp/%E7%94%B5%E5%8A%9B%E6%84%9F%E5%BA%94%E5%A1%94,409
电弧熔炉,recommended_buildings,https://wiki.biligame.com/dsp/%E7%94%B5%E5%BC%A7%E7%86%94%E7%82%89,1304
电磁轨道弹射器,recommended_buildings,https://wiki.biligame.com/dsp/%E7%94%B5%E7%A3%81%E8%BD%A8%E9%81%93%E5%BC%B9%E5%B0%84%E5%99%A8,871
矩阵研究站,recommended_buildings,https://wiki.biligame.com/dsp/%E7%9F%A9%E9%98%B5%E7%A0%94%E7%A9%B6%E7%AB%99,1707
研究站,recommended_buildings,https://wiki.biligame.com/dsp/%E7%A0%94%E7%A9%B6%E7%AB%99,1707
组装物流塔,recommended_buildings,https://wiki.biligame.com/dsp/%E7%BB%84%E8%A3%85%E7%89%A9%E6%B5%81%E5%A1%94,485
能量枢纽,recommended_buildings,https://wiki.biligame.com/dsp/%E8%83%BD%E9%87%8F%E6%9E%A2%E7%BA%BD,1396
自动集装机,recommended_buildings,https://wiki.biligame.com/dsp/%E8%87%AA%E5%8A%A8%E9%9B%86%E8%A3%85%E6%9C%BA,1064
自演化研究站,recommended_buildings,https://wiki.biligame.com/dsp/%E8%87%AA%E6%BC%94%E5%8C%96%E7%A0%94%E7%A9%B6%E7%AB%99,372
蓄电器,recommended_buildings,https://wiki.biligame.com/dsp/%E8%93%84%E7%94%B5%E5%99%A8,1492
蓄电器（满）,recommended_buildings,https://wiki.biligame.com/dsp/%E8%93%84%E7%94%B5%E5%99%A8%EF%BC%88%E6%BB%A1%EF%BC%89,1514
行星+星际运输站+轨道采集器到底怎么用,recommended_buildings,https://wiki.biligame.com/dsp/%E8%A1%8C%E6%98%9F%2B%E6%98%9F%E9%99%85%E8%BF%90%E8%BE%93%E7%AB%99%2B%E8%BD%A8%E9%81%93%E9%87%87%E9%9B%86%E5%99%A8%E5%88%B0%E5%BA%95%E6%80%8E%E4%B9%88%E7%94%A8,1653
行星内物流运输站,recommended_buildings,https://wiki.biligame.com/dsp/%E8%A1%8C%E6%98%9F%E5%86%85%E7%89%A9%E6%B5%81%E8%BF%90%E8%BE%93%E7%AB%99,4188
装饰,recommended_buildings,https://wiki.biligame.com/dsp/%E8%A3%85%E9%A5%B0,175
负熵熔炉,recommended_buildings,https://wiki.biligame.com/dsp/%E8%B4%9F%E7%86%B5%E7%86%94%E7%82%89,1356
轨道采集器,recommended_buildings,https://wiki.biligame.com/dsp/%E8%BD%A8%E9%81%93%E9%87%87%E9%9B%86%E5%99%A8,2536
运输站集装物流,recommended_buildings,https://wiki.biligame.com/dsp/%E8%BF%90%E8%BE%93%E7%AB%99%E9%9B%86%E8%A3%85%E7%89%A9%E6%B5%81,151
采矿机,recommended_buildings,https://wiki.biligame.com/dsp/%E9%87%87%E7%9F%BF%E6%9C%BA,977
采集,recommended_buildings,https://wiki.biligame.com/dsp/%E9%87%87%E9%9B%86,671
重组式制造台,recommended_buildings,https://wiki.biligame.com/dsp/%E9%87%8D%E7%BB%84%E5%BC%8F%E5%88%B6%E9%80%A0%E5%8F%B0,1420
量子化工厂,recommended_buildings,https://wiki.biligame.com/dsp/%E9%87%8F%E5%AD%90%E5%8C%96%E5%B7%A5%E5%8E%82,191
防御,recommended_buildings,https://wiki.biligame.com/dsp/%E9%98%B2%E5%BE%A1,354
集装分拣器,recommended_buildings,https://wiki.biligame.com/dsp/%E9%9B%86%E8%A3%85%E5%88%86%E6%8B%A3%E5%99%A8,1742
集装分拣器改良,recommended_buildings,https://wiki.biligame.com/dsp/%E9%9B%86%E8%A3%85%E5%88%86%E6%8B%A3%E5%99%A8%E6%94%B9%E8%89%AF,368
风力涡轮机,recommended_buildings,https://wiki.biligame.com/dsp/%E9%A3%8E%E5%8A%9B%E6%B6%A1%E8%BD%AE%E6%9C%BA,746
高速传送带,recommended_buildings,https://wiki.biligame.com/dsp/%E9%AB%98%E9%80%9F%E4%BC%A0%E9%80%81%E5%B8%A6,3851
高速分拣器,recommended_buildings,https://wiki.biligame.com/dsp/%E9%AB%98%E9%80%9F%E5%88%86%E6%8B%A3%E5%99%A8,1658
COSMO,recommended_combat_darkfog,https://wiki.biligame.com/dsp/COSMO,78
一种高效的防止黑雾中继站降落到地面的全球传送带布局,recommended_combat_darkfog,https://wiki.biligame.com/dsp/%E4%B8%80%E7%A7%8D%E9%AB%98%E6%95%88%E7%9A%84%E9%98%B2%E6%AD%A2%E9%BB%91%E9%9B%BE%E4%B8%AD%E7%BB%A7%E7%AB%99%E9%99%8D%E8%90%BD%E5%88%B0%E5%9C%B0%E9%9D%A2%E7%9A%84%E5%85%A8%E7%90%83%E4%BC%A0%E9%80%81%E5%B8%A6%E5%B8%83%E5%B1%80,1870
中枢核心,recommended_combat_darkfog,https://wiki.biligame.com/dsp/%E4%B8%AD%E6%9E%A2%E6%A0%B8%E5%BF%83,260
中继站,recommended_combat_darkfog,https://wiki.biligame.com/dsp/%E4%B8%AD%E7%BB%A7%E7%AB%99,380
位面过滤器,recommended_combat_darkfog,https://wiki.biligame.com/dsp/%E4%BD%8D%E9%9D%A2%E8%BF%87%E6%BB%A4%E5%99%A8,208
信号塔,recommended_combat_darkfog,https://wiki.biligame.com/dsp/%E4%BF%A1%E5%8F%B7%E5%A1%94,289
光子合并器,recommended_combat_darkfog,https://wiki.biligame.com/dsp/%E5%85%89%E5%AD%90%E5%90%88%E5%B9%B6%E5%99%A8,303
光栅石,recommended_combat_darkfog,https://wiki.biligame.com/dsp/%E5%85%89%E6%A0%85%E7%9F%B3,532
光能接收站,recommended_combat_darkfog,https://wiki.biligame.com/dsp/%E5%85%89%E8%83%BD%E6%8E%A5%E6%94%B6%E7%AB%99,179
加力推进器,recommended_combat_darkfog,https://wiki.biligame.com/dsp/%E5%8A%A0%E5%8A%9B%E6%8E%A8%E8%BF%9B%E5%99%A8,223
动力引擎,recommended_combat_darkfog,https://wiki.biligame.com/dsp/%E5%8A%A8%E5%8A%9B%E5%BC%95%E6%93%8E,263
单极磁石,recommended_combat_darkfog,https://wiki.biligame.com/dsp/%E5%8D%95%E6%9E%81%E7%A3%81%E7%9F%B3,683
卡西米尔晶体,recommended_combat_darkfog,https://wiki.biligame.com/dsp/%E5%8D%A1%E8%A5%BF%E7%B1%B3%E5%B0%94%E6%99%B6%E4%BD%93,1028
原型机,recommended_combat_darkfog,https://wiki.biligame.com/dsp/%E5%8E%9F%E5%9E%8B%E6%9C%BA,301
反物质,recommended_combat_darkfog,https://wiki.biligame.com/dsp/%E5%8F%8D%E7%89%A9%E8%B4%A8,223
反物质燃料棒,recommended_combat_darkfog,https://wiki.biligame.com/dsp/%E5%8F%8D%E7%89%A9%E8%B4%A8%E7%87%83%E6%96%99%E6%A3%92,211
地基,recommended_combat_darkfog,https://wiki.biligame.com/dsp/%E5%9C%B0%E5%9F%BA,242
地核钻井,recommended_combat_darkfog,https://wiki.biligame.com/dsp/%E5%9C%B0%E6%A0%B8%E9%92%BB%E4%BA%95,198
地热发电站,recommended_combat_darkfog,https://wiki.biligame.com/dsp/%E5%9C%B0%E7%83%AD%E5%8F%91%E7%94%B5%E7%AB%99,549
塑料,recommended_combat_darkfog,https://wiki.biligame.com/dsp/%E5%A1%91%E6%96%99,186
处理器,recommended_combat_darkfog,https://wiki.biligame.com/dsp/%E5%A4%84%E7%90%86%E5%99%A8,744
太空巢穴,recommended_combat_darkfog,https://wiki.biligame.com/dsp/%E5%A4%AA%E7%A9%BA%E5%B7%A2%E7%A9%B4,589
奇异物质,recommended_combat_darkfog,https://wiki.biligame.com/dsp/%E5%A5%87%E5%BC%82%E7%89%A9%E8%B4%A8,262
如何安全高效地进攻太空黑雾基地,recommended_combat_darkfog,https://wiki.biligame.com/dsp/%E5%A6%82%E4%BD%95%E5%AE%89%E5%85%A8%E9%AB%98%E6%95%88%E5%9C%B0%E8%BF%9B%E6%94%BB%E5%A4%AA%E7%A9%BA%E9%BB%91%E9%9B%BE%E5%9F%BA%E5%9C%B0,1874
守卫者,recommended_combat_darkfog,https://wiki.biligame.com/dsp/%E5%AE%88%E5%8D%AB%E8%80%85,230
守卫者营地,recommended_combat_darkfog,https://wiki.biligame.com/dsp/%E5%AE%88%E5%8D%AB%E8%80%85%E8%90%A5%E5%9C%B0,206
导弹组,recommended_combat_darkfog,https://wiki.biligame.com/dsp/%E5%AF%BC%E5%BC%B9%E7%BB%84,304
导弹防御塔,recommended_combat_darkfog,https://wiki.biligame.com/dsp/%E5%AF%BC%E5%BC%B9%E9%98%B2%E5%BE%A1%E5%A1%94,1028
巨鲸,recommended_combat_darkfog,https://wiki.biligame.com/dsp/%E5%B7%A8%E9%B2%B8,245
巨鲸装配港,recommended_combat_darkfog,https://wiki.biligame.com/dsp/%E5%B7%A8%E9%B2%B8%E8%A3%85%E9%85%8D%E6%B8%AF,209
干扰塔,recommended_combat_darkfog,https://wiki.biligame.com/dsp/%E5%B9%B2%E6%89%B0%E5%A1%94,384
引力透镜,recommended_combat_darkfog,https://wiki.biligame.com/dsp/%E5%BC%95%E5%8A%9B%E9%80%8F%E9%95%9C,375
强袭者,recommended_combat_darkfog,https://wiki.biligame.com/dsp/%E5%BC%BA%E8%A2%AD%E8%80%85,252
强袭者营地,recommended_combat_darkfog,https://wiki.biligame.com/dsp/%E5%BC%BA%E8%A2%AD%E8%80%85%E8%90%A5%E5%9C%B0,266
微晶元件,recommended_combat_darkfog,https://wiki.biligame.com/dsp/%E5%BE%AE%E6%99%B6%E5%85%83%E4%BB%B6,217
战场分析基站,recommended_combat_darkfog,https://wiki.biligame.com/dsp/%E6%88%98%E5%9C%BA%E5%88%86%E6%9E%90%E5%9F%BA%E7%AB%99,1117
战斗,recommended_combat_darkfog,https://wiki.biligame.com/dsp/%E6%88%98%E6%96%97,4128
战斗系统宣传片：黑雾崛起,recommended_combat_darkfog,https://wiki.biligame.com/dsp/%E6%88%98%E6%96%97%E7%B3%BB%E7%BB%9F%E5%AE%A3%E4%BC%A0%E7%89%87%EF%BC%9A%E9%BB%91%E9%9B%BE%E5%B4%9B%E8%B5%B7,378
战斗系统来了！《戴森球计划》大型更新“黑雾崛起”将于2023年12月上线,recommended_combat_darkfog,https://wiki.biligame.com/dsp/%E6%88%98%E6%96%97%E7%B3%BB%E7%BB%9F%E6%9D%A5%E4%BA%86%EF%BC%81%E3%80%8A%E6%88%B4%E6%A3%AE%E7%90%83%E8%AE%A1%E5%88%92%E3%80%8B%E5%A4%A7%E5%9E%8B%E6%9B%B4%E6%96%B0%E2%80%9C%E9%BB%91%E9%9B%BE%E5%B4%9B%E8%B5%B7%E2%80%9D%E5%B0%86%E4%BA%8E2023%E5%B9%B412%E6%9C%88%E4%B8%8A%E7%BA%BF,1015
戴森球计划,recommended_combat_darkfog,https://wiki.biligame.com/dsp/%E6%88%B4%E6%A3%AE%E7%90%83%E8%AE%A1%E5%88%92,308
护卫舰,recommended_combat_darkfog,https://wiki.biligame.com/dsp/%E6%8A%A4%E5%8D%AB%E8%88%B0,147
推进器,recommended_combat_darkfog,https://wiki.biligame.com/dsp/%E6%8E%A8%E8%BF%9B%E5%99%A8,150
攻击无人机,recommended_combat_darkfog,https://wiki.biligame.com/dsp/%E6%94%BB%E5%87%BB%E6%97%A0%E4%BA%BA%E6%9C%BA,211
日蚀要塞,recommended_combat_darkfog,https://wiki.biligame.com/dsp/%E6%97%A5%E8%9A%80%E8%A6%81%E5%A1%9E,219
日蚀要塞装配港,recommended_combat_darkfog,https://wiki.biligame.com/dsp/%E6%97%A5%E8%9A%80%E8%A6%81%E5%A1%9E%E8%A3%85%E9%85%8D%E6%B8%AF,225
晶格硅,recommended_combat_darkfog,https://wiki.biligame.com/dsp/%E6%99%B6%E6%A0%BC%E7%A1%85,267
晶石爆破单元,recommended_combat_darkfog,https://wiki.biligame.com/dsp/%E6%99%B6%E7%9F%B3%E7%88%86%E7%A0%B4%E5%8D%95%E5%85%83,248
木材,recommended_combat_darkfog,https://wiki.biligame.com/dsp/%E6%9C%A8%E6%9D%90,221
机枪弹箱,recommended_combat_darkfog,https://wiki.biligame.com/dsp/%E6%9C%BA%E6%9E%AA%E5%BC%B9%E7%AE%B1,267
极地黑雾养殖农场（激光塔版）,recommended_combat_darkfog,https://wiki.biligame.com/dsp/%E6%9E%81%E5%9C%B0%E9%BB%91%E9%9B%BE%E5%85%BB%E6%AE%96%E5%86%9C%E5%9C%BA%EF%BC%88%E6%BF%80%E5%85%89%E5%A1%94%E7%89%88%EF%BC%89,55521
枪骑,recommended_combat_darkfog,https://wiki.biligame.com/dsp/%E6%9E%AA%E9%AA%91,408
枪骑装配港,recommended_combat_darkfog,https://wiki.biligame.com/dsp/%E6%9E%AA%E9%AA%91%E8%A3%85%E9%85%8D%E6%B8%AF,201
核心素,recommended_combat_darkfog,https://wiki.biligame.com/dsp/%E6%A0%B8%E5%BF%83%E7%B4%A0,283
棱镜,recommended_combat_darkfog,https://wiki.biligame.com/dsp/%E6%A3%B1%E9%95%9C,199
植物燃料,recommended_combat_darkfog,https://wiki.biligame.com/dsp/%E6%A4%8D%E7%89%A9%E7%87%83%E6%96%99,235
氘核燃料棒,recommended_combat_darkfog,https://wiki.biligame.com/dsp/%E6%B0%98%E6%A0%B8%E7%87%83%E6%96%99%E6%A3%92,211
氢,recommended_combat_darkfog,https://wiki.biligame.com/dsp/%E6%B0%A2,1328
沙土,recommended_combat_darkfog,https://wiki.biligame.com/dsp/%E6%B2%99%E5%9C%9F,592
液氢燃料棒,recommended_combat_darkfog,https://wiki.biligame.com/dsp/%E6%B6%B2%E6%B0%A2%E7%87%83%E6%96%99%E6%A3%92,148
游骑兵,recommended_combat_darkfog,https://wiki.biligame.com/dsp/%E6%B8%B8%E9%AA%91%E5%85%B5,248
游骑兵营地,recommended_combat_darkfog,https://wiki.biligame.com/dsp/%E6%B8%B8%E9%AA%91%E5%85%B5%E8%90%A5%E5%9C%B0,234
湮灭约束球,recommended_combat_darkfog,https://wiki.biligame.com/dsp/%E6%B9%AE%E7%81%AD%E7%BA%A6%E6%9D%9F%E7%90%83,188
火种,recommended_combat_darkfog,https://wiki.biligame.com/dsp/%E7%81%AB%E7%A7%8D,379
炮弹组,recommended_combat_darkfog,https://wiki.biligame.com/dsp/%E7%82%AE%E5%BC%B9%E7%BB%84,301
燃烧单元,recommended_combat_darkfog,https://wiki.biligame.com/dsp/%E7%87%83%E7%83%A7%E5%8D%95%E5%85%83,258
爆破单元,recommended_combat_darkfog,https://wiki.biligame.com/dsp/%E7%88%86%E7%A0%B4%E5%8D%95%E5%85%83,306
物质重组器,recommended_combat_darkfog,https://wiki.biligame.com/dsp/%E7%89%A9%E8%B4%A8%E9%87%8D%E7%BB%84%E5%99%A8,327
玻璃,recommended_combat_darkfog,https://wiki.biligame.com/dsp/%E7%8E%BB%E7%92%83,291
电动机,recommended_combat_darkfog,https://wiki.biligame.com/dsp/%E7%94%B5%E5%8A%A8%E6%9C%BA,229
电浆激发器,recommended_combat_darkfog,https://wiki.biligame.com/dsp/%E7%94%B5%E6%B5%86%E6%BF%80%E5%8F%91%E5%99%A8,436
电磁涡轮,recommended_combat_darkfog,https://wiki.biligame.com/dsp/%E7%94%B5%E7%A3%81%E6%B6%A1%E8%BD%AE,321
电路板,recommended_combat_darkfog,https://wiki.biligame.com/dsp/%E7%94%B5%E8%B7%AF%E6%9D%BF,709
相位激光塔,recommended_combat_darkfog,https://wiki.biligame.com/dsp/%E7%9B%B8%E4%BD%8D%E6%BF%80%E5%85%89%E5%A1%94,172
石墨烯,recommended_combat_darkfog,https://wiki.biligame.com/dsp/%E7%9F%B3%E5%A2%A8%E7%83%AF,416
石材,recommended_combat_darkfog,https://wiki.biligame.com/dsp/%E7%9F%B3%E6%9D%90,365
硅块,recommended_combat_darkfog,https://wiki.biligame.com/dsp/%E7%A1%85%E5%9D%97,257
硅基神经元,recommended_combat_darkfog,https://wiki.biligame.com/dsp/%E7%A1%85%E5%9F%BA%E7%A5%9E%E7%BB%8F%E5%85%83,181
碳纳米管,recommended_combat_darkfog,https://wiki.biligame.com/dsp/%E7%A2%B3%E7%BA%B3%E7%B1%B3%E7%AE%A1,275
磁化电浆炮,recommended_combat_darkfog,https://wiki.biligame.com/dsp/%E7%A3%81%E5%8C%96%E7%94%B5%E6%B5%86%E7%82%AE,421
磁线圈,recommended_combat_darkfog,https://wiki.biligame.com/dsp/%E7%A3%81%E7%BA%BF%E5%9C%88,362
磁铁,recommended_combat_darkfog,https://wiki.biligame.com/dsp/%E7%A3%81%E9%93%81,170
空间翘曲器,recommended_combat_darkfog,https://wiki.biligame.com/dsp/%E7%A9%BA%E9%97%B4%E7%BF%98%E6%9B%B2%E5%99%A8,175
等离子发生器,recommended_combat_darkfog,https://wiki.biligame.com/dsp/%E7%AD%89%E7%A6%BB%E5%AD%90%E5%8F%91%E7%94%9F%E5%99%A8,210
等离子哨戒塔,recommended_combat_darkfog,https://wiki.biligame.com/dsp/%E7%AD%89%E7%A6%BB%E5%AD%90%E5%93%A8%E6%88%92%E5%A1%94,181
等离子胶囊,recommended_combat_darkfog,https://wiki.biligame.com/dsp/%E7%AD%89%E7%A6%BB%E5%AD%90%E8%83%B6%E5%9B%8A,265
简易黑雾超市,recommended_combat_darkfog,https://wiki.biligame.com/dsp/%E7%AE%80%E6%98%93%E9%BB%91%E9%9B%BE%E8%B6%85%E5%B8%82,8800
粒子容器,recommended_combat_darkfog,https://wiki.biligame.com/dsp/%E7%B2%92%E5%AD%90%E5%AE%B9%E5%99%A8,356
粒子宽带,recommended_combat_darkfog,https://wiki.biligame.com/dsp/%E7%B2%92%E5%AD%90%E5%AE%BD%E5%B8%A6,166
精准无人机,recommended_combat_darkfog,https://wiki.biligame.com/dsp/%E7%B2%BE%E5%87%86%E6%97%A0%E4%BA%BA%E6%9C%BA,235
聚爆加农炮,recommended_combat_darkfog,https://wiki.biligame.com/dsp/%E8%81%9A%E7%88%86%E5%8A%A0%E5%86%9C%E7%82%AE,517
能量武器伤害,recommended_combat_darkfog,https://wiki.biligame.com/dsp/%E8%83%BD%E9%87%8F%E6%AD%A6%E5%99%A8%E4%BC%A4%E5%AE%B3,246
行星基地,recommended_combat_darkfog,https://wiki.biligame.com/dsp/%E8%A1%8C%E6%98%9F%E5%9F%BA%E5%9C%B0,363
行星护盾发生器,recommended_combat_darkfog,https://wiki.biligame.com/dsp/%E8%A1%8C%E6%98%9F%E6%8A%A4%E7%9B%BE%E5%8F%91%E7%94%9F%E5%99%A8,756
解答！关于《戴森球计划》“黑雾崛起”的一些问题,recommended_combat_darkfog,https://wiki.biligame.com/dsp/%E8%A7%A3%E7%AD%94%EF%BC%81%E5%85%B3%E4%BA%8E%E3%80%8A%E6%88%B4%E6%A3%AE%E7%90%83%E8%AE%A1%E5%88%92%E3%80%8B%E2%80%9C%E9%BB%91%E9%9B%BE%E5%B4%9B%E8%B5%B7%E2%80%9D%E7%9A%84%E4%B8%80%E4%BA%9B%E9%97%AE%E9%A2%98,2881
负熵奇点,recommended_combat_darkfog,https://wiki.biligame.com/dsp/%E8%B4%9F%E7%86%B5%E5%A5%87%E7%82%B9,299
超级磁场环,recommended_combat_darkfog,https://wiki.biligame.com/dsp/%E8%B6%85%E7%BA%A7%E7%A3%81%E5%9C%BA%E7%8E%AF,613
近程电浆塔,recommended_combat_darkfog,https://wiki.biligame.com/dsp/%E8%BF%91%E7%A8%8B%E7%94%B5%E6%B5%86%E5%A1%94,494
重氢,recommended_combat_darkfog,https://wiki.biligame.com/dsp/%E9%87%8D%E6%B0%A2,674
量子芯片,recommended_combat_darkfog,https://wiki.biligame.com/dsp/%E9%87%8F%E5%AD%90%E8%8A%AF%E7%89%87,400
金刚石,recommended_combat_darkfog,https://wiki.biligame.com/dsp/%E9%87%91%E5%88%9A%E7%9F%B3,277
钛化玻璃,recommended_combat_darkfog,https://wiki.biligame.com/dsp/%E9%92%9B%E5%8C%96%E7%8E%BB%E7%92%83,232
钛合金,recommended_combat_darkfog,https://wiki.biligame.com/dsp/%E9%92%9B%E5%90%88%E9%87%91,567
钛块,recommended_combat_darkfog,https://wiki.biligame.com/dsp/%E9%92%9B%E5%9D%97,293
钛晶石,recommended_combat_darkfog,https://wiki.biligame.com/dsp/%E9%92%9B%E6%99%B6%E7%9F%B3,187
钢材,recommended_combat_darkfog,https://wiki.biligame.com/dsp/%E9%92%A2%E6%9D%90,676
铁块,recommended_combat_darkfog,https://wiki.biligame.com/dsp/%E9%93%81%E5%9D%97,680
铜块,recommended_combat_darkfog,https://wiki.biligame.com/dsp/%E9%93%9C%E5%9D%97,385
驱逐舰,recommended_combat_darkfog,https://wiki.biligame.com/dsp/%E9%A9%B1%E9%80%90%E8%88%B0,240
高斯机枪塔,recommended_combat_darkfog,https://wiki.biligame.com/dsp/%E9%AB%98%E6%96%AF%E6%9C%BA%E6%9E%AA%E5%A1%94,636
高纯硅块,recommended_combat_darkfog,https://wiki.biligame.com/dsp/%E9%AB%98%E7%BA%AF%E7%A1%85%E5%9D%97,257
高能激光塔,recommended_combat_darkfog,https://wiki.biligame.com/dsp/%E9%AB%98%E8%83%BD%E6%BF%80%E5%85%89%E5%A1%94,213
高能石墨,recommended_combat_darkfog,https://wiki.biligame.com/dsp/%E9%AB%98%E8%83%BD%E7%9F%B3%E5%A2%A8,287
高频激光塔,recommended_combat_darkfog,https://wiki.biligame.com/dsp/%E9%AB%98%E9%A2%91%E6%BF%80%E5%85%89%E5%A1%94,1625
黑雾,recommended_combat_darkfog,https://wiki.biligame.com/dsp/%E9%BB%91%E9%9B%BE,4687
黑雾60掉落全收集,recommended_combat_darkfog,https://wiki.biligame.com/dsp/%E9%BB%91%E9%9B%BE60%E6%8E%89%E8%90%BD%E5%85%A8%E6%94%B6%E9%9B%86,2077
黑雾掉落,recommended_combat_darkfog,https://wiki.biligame.com/dsp/%E9%BB%91%E9%9B%BE%E6%8E%89%E8%90%BD,772
黑雾施工中《戴森球计划》战斗系统“摸鱼”开发进度,recommended_combat_darkfog,https://wiki.biligame.com/dsp/%E9%BB%91%E9%9B%BE%E6%96%BD%E5%B7%A5%E4%B8%AD%E3%80%8A%E6%88%B4%E6%A3%AE%E7%90%83%E8%AE%A1%E5%88%92%E3%80%8B%E6%88%98%E6%96%97%E7%B3%BB%E7%BB%9F%E2%80%9C%E6%91%B8%E9%B1%BC%E2%80%9D%E5%BC%80%E5%8F%91%E8%BF%9B%E5%BA%A6,397
黑雾版本新手开局攻略,recommended_combat_darkfog,https://wiki.biligame.com/dsp/%E9%BB%91%E9%9B%BE%E7%89%88%E6%9C%AC%E6%96%B0%E6%89%8B%E5%BC%80%E5%B1%80%E6%94%BB%E7%95%A5,9484
黑雾矩阵,recommended_combat_darkfog,https://wiki.biligame.com/dsp/%E9%BB%91%E9%9B%BE%E7%9F%A9%E9%98%B5,694
黑雾进攻波次,recommended_combat_darkfog,https://wiki.biligame.com/dsp/%E9%BB%91%E9%9B%BE%E8%BF%9B%E6%94%BB%E6%B3%A2%E6%AC%A1,576
黑雾防守策略,recommended_combat_darkfog,https://wiki.biligame.com/dsp/%E9%BB%91%E9%9B%BE%E9%98%B2%E5%AE%88%E7%AD%96%E7%95%A5,1669
齿轮,recommended_combat_darkfog,https://wiki.biligame.com/dsp/%E9%BD%BF%E8%BD%AE,360
(公式)X射线裂解,recommended_formulas,https://wiki.biligame.com/dsp/(%E5%85%AC%E5%BC%8F)X%E5%B0%84%E7%BA%BF%E8%A3%82%E8%A7%A3,1707
(公式)光子合并器(高效),recommended_formulas,https://wiki.biligame.com/dsp/(%E5%85%AC%E5%BC%8F)%E5%85%89%E5%AD%90%E5%90%88%E5%B9%B6%E5%99%A8(%E9%AB%98%E6%95%88),303
(公式)卡西米尔晶体(高效),recommended_formulas,https://wiki.biligame.com/dsp/(%E5%85%AC%E5%BC%8F)%E5%8D%A1%E8%A5%BF%E7%B1%B3%E5%B0%94%E6%99%B6%E4%BD%93(%E9%AB%98%E6%95%88),1028
(公式)晶格硅(高效),recommended_formulas,https://wiki.biligame.com/dsp/(%E5%85%AC%E5%BC%8F)%E6%99%B6%E6%A0%BC%E7%A1%85(%E9%AB%98%E6%95%88),267
(公式)有机晶体(原始),recommended_formulas,https://wiki.biligame.com/dsp/(%E5%85%AC%E5%BC%8F)%E6%9C%89%E6%9C%BA%E6%99%B6%E4%BD%93(%E5%8E%9F%E5%A7%8B),547
(公式)石墨烯(高效),recommended_formulas,https://wiki.biligame.com/dsp/(%E5%85%AC%E5%BC%8F)%E7%9F%B3%E5%A2%A8%E7%83%AF(%E9%AB%98%E6%95%88),416
(公式)碳纳米管(高效),recommended_formulas,https://wiki.biligame.com/dsp/(%E5%85%AC%E5%BC%8F)%E7%A2%B3%E7%BA%B3%E7%B1%B3%E7%AE%A1(%E9%AB%98%E6%95%88),275
(公式)空间翘曲器(高级),recommended_formulas,https://wiki.biligame.com/dsp/(%E5%85%AC%E5%BC%8F)%E7%A9%BA%E9%97%B4%E7%BF%98%E6%9B%B2%E5%99%A8(%E9%AB%98%E7%BA%A7),175
(公式)等离子精炼,recommended_formulas,https://wiki.biligame.com/dsp/(%E5%85%AC%E5%BC%8F)%E7%AD%89%E7%A6%BB%E5%AD%90%E7%B2%BE%E7%82%BC,1707
(公式)粒子容器(高效),recommended_formulas,https://wiki.biligame.com/dsp/(%E5%85%AC%E5%BC%8F)%E7%B2%92%E5%AD%90%E5%AE%B9%E5%99%A8(%E9%AB%98%E6%95%88),356
(公式)质能储存,recommended_formulas,https://wiki.biligame.com/dsp/(%E5%85%AC%E5%BC%8F)%E8%B4%A8%E8%83%BD%E5%82%A8%E5%AD%98,223
(公式)重整精炼,recommended_formulas,https://wiki.biligame.com/dsp/(%E5%85%AC%E5%BC%8F)%E9%87%8D%E6%95%B4%E7%B2%BE%E7%82%BC,1707
(公式)重氢分馏,recommended_formulas,https://wiki.biligame.com/dsp/(%E5%85%AC%E5%BC%8F)%E9%87%8D%E6%B0%A2%E5%88%86%E9%A6%8F,2248
(公式)金刚石(高效),recommended_formulas,https://wiki.biligame.com/dsp/(%E5%85%AC%E5%BC%8F)%E9%87%91%E5%88%9A%E7%9F%B3(%E9%AB%98%E6%95%88),277
公式合集:数据,recommended_formulas,https://wiki.biligame.com/dsp/%E5%85%AC%E5%BC%8F%E5%90%88%E9%9B%86:%E6%95%B0%E6%8D%AE,8318
（公式）重整精炼,recommended_formulas,https://wiki.biligame.com/dsp/%EF%BC%88%E5%85%AC%E5%BC%8F%EF%BC%89%E9%87%8D%E6%95%B4%E7%B2%BE%E7%82%BC,1707
临界光子,recommended_items,https://wiki.biligame.com/dsp/%E4%B8%B4%E7%95%8C%E5%85%89%E5%AD%90,970
信息矩阵,recommended_items,https://wiki.biligame.com/dsp/%E4%BF%A1%E6%81%AF%E7%9F%A9%E9%98%B5,173
信息矩阵（科技）,recommended_items,https://wiki.biligame.com/dsp/%E4%BF%A1%E6%81%AF%E7%9F%A9%E9%98%B5%EF%BC%88%E7%A7%91%E6%8A%80%EF%BC%89,125
元信息,recommended_items,https://wiki.biligame.com/dsp/%E5%85%83%E4%BF%A1%E6%81%AF,516
元引力,recommended_items,https://wiki.biligame.com/dsp/%E5%85%83%E5%BC%95%E5%8A%9B,516
元电磁,recommended_items,https://wiki.biligame.com/dsp/%E5%85%83%E7%94%B5%E7%A3%81,516
元结构,recommended_items,https://wiki.biligame.com/dsp/%E5%85%83%E7%BB%93%E6%9E%84,516
元能量,recommended_items,https://wiki.biligame.com/dsp/%E5%85%83%E8%83%BD%E9%87%8F,516
光子聚束采矿,recommended_items,https://wiki.biligame.com/dsp/%E5%85%89%E5%AD%90%E8%81%9A%E6%9D%9F%E9%87%87%E7%9F%BF,169
光栅石矿,recommended_items,https://wiki.biligame.com/dsp/%E5%85%89%E6%A0%85%E7%9F%B3%E7%9F%BF,532
分形硅石,recommended_items,https://wiki.biligame.com/dsp/%E5%88%86%E5%BD%A2%E7%A1%85%E7%9F%B3,522
分形硅矿,recommended_items,https://wiki.biligame.com/dsp/%E5%88%86%E5%BD%A2%E7%A1%85%E7%9F%BF,522
刺笋矿脉,recommended_items,https://wiki.biligame.com/dsp/%E5%88%BA%E7%AC%8B%E7%9F%BF%E8%84%89,633
刺笋结晶,recommended_items,https://wiki.biligame.com/dsp/%E5%88%BA%E7%AC%8B%E7%BB%93%E6%99%B6,633
升级矿物利用约等于无限资源,recommended_items,https://wiki.biligame.com/dsp/%E5%8D%87%E7%BA%A7%E7%9F%BF%E7%89%A9%E5%88%A9%E7%94%A8%E7%BA%A6%E7%AD%89%E4%BA%8E%E6%97%A0%E9%99%90%E8%B5%84%E6%BA%90,1075
单塔铁块（新手）,recommended_items,https://wiki.biligame.com/dsp/%E5%8D%95%E5%A1%94%E9%93%81%E5%9D%97%EF%BC%88%E6%96%B0%E6%89%8B%EF%BC%89,35031
单极磁矿,recommended_items,https://wiki.biligame.com/dsp/%E5%8D%95%E6%9E%81%E7%A3%81%E7%9F%BF,683
卡西米尔晶体（科技）,recommended_items,https://wiki.biligame.com/dsp/%E5%8D%A1%E8%A5%BF%E7%B1%B3%E5%B0%94%E6%99%B6%E4%BD%93%EF%BC%88%E7%A7%91%E6%8A%80%EF%BC%89,123
压制胶囊,recommended_items,https://wiki.biligame.com/dsp/%E5%8E%8B%E5%88%B6%E8%83%B6%E5%9B%8A,197
压制胶囊（科技）,recommended_items,https://wiki.biligame.com/dsp/%E5%8E%8B%E5%88%B6%E8%83%B6%E5%9B%8A%EF%BC%88%E7%A7%91%E6%8A%80%EF%BC%89,75
原油,recommended_items,https://wiki.biligame.com/dsp/%E5%8E%9F%E6%B2%B9,1206
原油涌泉,recommended_items,https://wiki.biligame.com/dsp/%E5%8E%9F%E6%B2%B9%E6%B6%8C%E6%B3%89,1206
原油矿,recommended_items,https://wiki.biligame.com/dsp/%E5%8E%9F%E6%B2%B9%E7%9F%BF,1206
原矿电池60/min,recommended_items,https://wiki.biligame.com/dsp/%E5%8E%9F%E7%9F%BF%E7%94%B5%E6%B1%A060/min,30347
反物质胶囊,recommended_items,https://wiki.biligame.com/dsp/%E5%8F%8D%E7%89%A9%E8%B4%A8%E8%83%B6%E5%9B%8A,279
反物质胶囊（科技）,recommended_items,https://wiki.biligame.com/dsp/%E5%8F%8D%E7%89%A9%E8%B4%A8%E8%83%B6%E5%9B%8A%EF%BC%88%E7%A7%91%E6%8A%80%EF%BC%89,115
可燃冰,recommended_items,https://wiki.biligame.com/dsp/%E5%8F%AF%E7%87%83%E5%86%B0,1299
可燃冰矿,recommended_items,https://wiki.biligame.com/dsp/%E5%8F%AF%E7%87%83%E5%86%B0%E7%9F%BF,1299
增产剂,recommended_items,https://wiki.biligame.com/dsp/%E5%A2%9E%E4%BA%A7%E5%89%82,3137
增产剂MK.II,recommended_items,https://wiki.biligame.com/dsp/%E5%A2%9E%E4%BA%A7%E5%89%82MK.II,3121
增产剂MK.III,recommended_items,https://wiki.biligame.com/dsp/%E5%A2%9E%E4%BA%A7%E5%89%82MK.III,3159
增产剂MK.III（科技）,recommended_items,https://wiki.biligame.com/dsp/%E5%A2%9E%E4%BA%A7%E5%89%82MK.III%EF%BC%88%E7%A7%91%E6%8A%80%EF%BC%89,176
增产剂MK.II（科技）,recommended_items,https://wiki.biligame.com/dsp/%E5%A2%9E%E4%BA%A7%E5%89%82MK.II%EF%BC%88%E7%A7%91%E6%8A%80%EF%BC%89,106
增产剂MK.I（科技）,recommended_items,https://wiki.biligame.com/dsp/%E5%A2%9E%E4%BA%A7%E5%89%82MK.I%EF%BC%88%E7%A7%91%E6%8A%80%EF%BC%89,113
增产剂Mk.I,recommended_items,https://wiki.biligame.com/dsp/%E5%A2%9E%E4%BA%A7%E5%89%82Mk.I,3137
增产剂Mk.II,recommended_items,https://wiki.biligame.com/dsp/%E5%A2%9E%E4%BA%A7%E5%89%82Mk.II,3121
增产剂Mk.III,recommended_items,https://wiki.biligame.com/dsp/%E5%A2%9E%E4%BA%A7%E5%89%82Mk.III,3159
增产剂Mk.III（科技）,recommended_items,https://wiki.biligame.com/dsp/%E5%A2%9E%E4%BA%A7%E5%89%82Mk.III%EF%BC%88%E7%A7%91%E6%8A%80%EF%BC%89,176
增产剂Mk.II（科技）,recommended_items,https://wiki.biligame.com/dsp/%E5%A2%9E%E4%BA%A7%E5%89%82Mk.II%EF%BC%88%E7%A7%91%E6%8A%80%EF%BC%89,106
增产剂Mk.I（科技）,recommended_items,https://wiki.biligame.com/dsp/%E5%A2%9E%E4%BA%A7%E5%89%82Mk.I%EF%BC%88%E7%A7%91%E6%8A%80%EF%BC%89,113
处理器（科技）,recommended_items,https://wiki.biligame.com/dsp/%E5%A4%84%E7%90%86%E5%99%A8%EF%BC%88%E7%A7%91%E6%8A%80%EF%BC%89,82
太阳帆,recommended_items,https://wiki.biligame.com/dsp/%E5%A4%AA%E9%98%B3%E5%B8%86,237
奇异湮灭燃料棒,recommended_items,https://wiki.biligame.com/dsp/%E5%A5%87%E5%BC%82%E6%B9%AE%E7%81%AD%E7%87%83%E6%96%99%E6%A3%92,134
奇异物质（科技）,recommended_items,https://wiki.biligame.com/dsp/%E5%A5%87%E5%BC%82%E7%89%A9%E8%B4%A8%EF%BC%88%E7%A7%91%E6%8A%80%EF%BC%89,120
如何高效压榨每一簇矿脉的生产价值,recommended_items,https://wiki.biligame.com/dsp/%E5%A6%82%E4%BD%95%E9%AB%98%E6%95%88%E5%8E%8B%E6%A6%A8%E6%AF%8F%E4%B8%80%E7%B0%87%E7%9F%BF%E8%84%89%E7%9A%84%E7%94%9F%E4%BA%A7%E4%BB%B7%E5%80%BC,1075
宇宙矩阵,recommended_items,https://wiki.biligame.com/dsp/%E5%AE%87%E5%AE%99%E7%9F%A9%E9%98%B5,94
宇宙矩阵（科技）,recommended_items,https://wiki.biligame.com/dsp/%E5%AE%87%E5%AE%99%E7%9F%A9%E9%98%B5%EF%BC%88%E7%A7%91%E6%8A%80%EF%BC%89,133
小型运载火箭,recommended_items,https://wiki.biligame.com/dsp/%E5%B0%8F%E5%9E%8B%E8%BF%90%E8%BD%BD%E7%81%AB%E7%AE%AD,145
干扰胶囊,recommended_items,https://wiki.biligame.com/dsp/%E5%B9%B2%E6%89%B0%E8%83%B6%E5%9B%8A,204
引力导弹组,recommended_items,https://wiki.biligame.com/dsp/%E5%BC%95%E5%8A%9B%E5%AF%BC%E5%BC%B9%E7%BB%84,276
引力导弹组（科技）,recommended_items,https://wiki.biligame.com/dsp/%E5%BC%95%E5%8A%9B%E5%AF%BC%E5%BC%B9%E7%BB%84%EF%BC%88%E7%A7%91%E6%8A%80%EF%BC%89,118
引力矩阵,recommended_items,https://wiki.biligame.com/dsp/%E5%BC%95%E5%8A%9B%E7%9F%A9%E9%98%B5,190
引力矩阵（科技）,recommended_items,https://wiki.biligame.com/dsp/%E5%BC%95%E5%8A%9B%E7%9F%A9%E9%98%B5%EF%BC%88%E7%A7%91%E6%8A%80%EF%BC%89,105
弹药,recommended_items,https://wiki.biligame.com/dsp/%E5%BC%B9%E8%8D%AF,486
戴森球组件,recommended_items,https://wiki.biligame.com/dsp/%E6%88%B4%E6%A3%AE%E7%90%83%E7%BB%84%E4%BB%B6,166
星际物流运输船,recommended_items,https://wiki.biligame.com/dsp/%E6%98%9F%E9%99%85%E7%89%A9%E6%B5%81%E8%BF%90%E8%BE%93%E8%88%B9,2232
晶体冶炼,recommended_items,https://wiki.biligame.com/dsp/%E6%99%B6%E4%BD%93%E5%86%B6%E7%82%BC,96
晶石炮弹组,recommended_items,https://wiki.biligame.com/dsp/%E6%99%B6%E7%9F%B3%E7%82%AE%E5%BC%B9%E7%BB%84,308
晶石炮弹组（科技）,recommended_items,https://wiki.biligame.com/dsp/%E6%99%B6%E7%9F%B3%E7%82%AE%E5%BC%B9%E7%BB%84%EF%BC%88%E7%A7%91%E6%8A%80%EF%BC%89,138
有机晶体,recommended_items,https://wiki.biligame.com/dsp/%E6%9C%89%E6%9C%BA%E6%99%B6%E4%BD%93,547
有机晶体矿,recommended_items,https://wiki.biligame.com/dsp/%E6%9C%89%E6%9C%BA%E6%99%B6%E4%BD%93%E7%9F%BF,547
框架材料,recommended_items,https://wiki.biligame.com/dsp/%E6%A1%86%E6%9E%B6%E6%9D%90%E6%96%99,377
氢燃料棒,recommended_items,https://wiki.biligame.com/dsp/%E6%B0%A2%E7%87%83%E6%96%99%E6%A3%92,123
氢燃料棒（科技）,recommended_items,https://wiki.biligame.com/dsp/%E6%B0%A2%E7%87%83%E6%96%99%E6%A3%92%EF%BC%88%E7%A7%91%E6%8A%80%EF%BC%89,123
水,recommended_items,https://wiki.biligame.com/dsp/%E6%B0%B4,342
水世界,recommended_items,https://wiki.biligame.com/dsp/%E6%B0%B4%E4%B8%96%E7%95%8C,537
满科技秒产3.75增产剂Ⅲ,recommended_items,https://wiki.biligame.com/dsp/%E6%BB%A1%E7%A7%91%E6%8A%80%E7%A7%92%E4%BA%A73.75%E5%A2%9E%E4%BA%A7%E5%89%82%E2%85%A2,220
煤矿,recommended_items,https://wiki.biligame.com/dsp/%E7%85%A4%E7%9F%BF,602
煤矿脉,recommended_items,https://wiki.biligame.com/dsp/%E7%85%A4%E7%9F%BF%E8%84%89,602
物品,recommended_items,https://wiki.biligame.com/dsp/%E7%89%A9%E5%93%81,79
物流运输机,recommended_items,https://wiki.biligame.com/dsp/%E7%89%A9%E6%B5%81%E8%BF%90%E8%BE%93%E6%9C%BA,2231
珍奇,recommended_items,https://wiki.biligame.com/dsp/%E7%8F%8D%E5%A5%87,1127
电磁矩阵,recommended_items,https://wiki.biligame.com/dsp/%E7%94%B5%E7%A3%81%E7%9F%A9%E9%98%B5,159
电磁矩阵（科技）,recommended_items,https://wiki.biligame.com/dsp/%E7%94%B5%E7%A3%81%E7%9F%A9%E9%98%B5%EF%BC%88%E7%A7%91%E6%8A%80%EF%BC%89,107
石矿,recommended_items,https://wiki.biligame.com/dsp/%E7%9F%B3%E7%9F%BF,525
石矿脉,recommended_items,https://wiki.biligame.com/dsp/%E7%9F%B3%E7%9F%BF%E8%84%89,525
矿物,recommended_items,https://wiki.biligame.com/dsp/%E7%9F%BF%E7%89%A9,1141
矿物利用,recommended_items,https://wiki.biligame.com/dsp/%E7%9F%BF%E7%89%A9%E5%88%A9%E7%94%A8,426
矿物利用等级与采矿消耗,recommended_items,https://wiki.biligame.com/dsp/%E7%9F%BF%E7%89%A9%E5%88%A9%E7%94%A8%E7%AD%89%E7%BA%A7%E4%B8%8E%E9%87%87%E7%9F%BF%E6%B6%88%E8%80%97,1007
矿物采集,recommended_items,https://wiki.biligame.com/dsp/%E7%9F%BF%E7%89%A9%E9%87%87%E9%9B%86,1139
硅石,recommended_items,https://wiki.biligame.com/dsp/%E7%A1%85%E7%9F%B3,476
硅矿脉,recommended_items,https://wiki.biligame.com/dsp/%E7%A1%85%E7%9F%BF%E8%84%89,476
硫酸,recommended_items,https://wiki.biligame.com/dsp/%E7%A1%AB%E9%85%B8,310
精炼油,recommended_items,https://wiki.biligame.com/dsp/%E7%B2%BE%E7%82%BC%E6%B2%B9,292
紫糖,recommended_items,https://wiki.biligame.com/dsp/%E7%B4%AB%E7%B3%96,173
红糖,recommended_items,https://wiki.biligame.com/dsp/%E7%BA%A2%E7%B3%96,172
结构矩阵,recommended_items,https://wiki.biligame.com/dsp/%E7%BB%93%E6%9E%84%E7%9F%A9%E9%98%B5,165
结构矩阵（科技）,recommended_items,https://wiki.biligame.com/dsp/%E7%BB%93%E6%9E%84%E7%9F%A9%E9%98%B5%EF%BC%88%E7%A7%91%E6%8A%80%EF%BC%89,103
能量矩阵,recommended_items,https://wiki.biligame.com/dsp/%E8%83%BD%E9%87%8F%E7%9F%A9%E9%98%B5,172
能量矩阵（科技）,recommended_items,https://wiki.biligame.com/dsp/%E8%83%BD%E9%87%8F%E7%9F%A9%E9%98%B5%EF%BC%88%E7%A7%91%E6%8A%80%EF%BC%89,100
蓝糖,recommended_items,https://wiki.biligame.com/dsp/%E8%93%9D%E7%B3%96,159
论红糖，黄糖联合生产线的可行性,recommended_items,https://wiki.biligame.com/dsp/%E8%AE%BA%E7%BA%A2%E7%B3%96%EF%BC%8C%E9%BB%84%E7%B3%96%E8%81%94%E5%90%88%E7%94%9F%E4%BA%A7%E7%BA%BF%E7%9A%84%E5%8F%AF%E8%A1%8C%E6%80%A7,1541
超合金弹箱,recommended_items,https://wiki.biligame.com/dsp/%E8%B6%85%E5%90%88%E9%87%91%E5%BC%B9%E7%AE%B1,214
超合金弹箱（科技）,recommended_items,https://wiki.biligame.com/dsp/%E8%B6%85%E5%90%88%E9%87%91%E5%BC%B9%E7%AE%B1%EF%BC%88%E7%A7%91%E6%8A%80%EF%BC%89,136
超级矩阵,recommended_items,https://wiki.biligame.com/dsp/%E8%B6%85%E7%BA%A7%E7%9F%A9%E9%98%B5,177
超音速导弹组,recommended_items,https://wiki.biligame.com/dsp/%E8%B6%85%E9%9F%B3%E9%80%9F%E5%AF%BC%E5%BC%B9%E7%BB%84,280
超音速导弹组（科技）,recommended_items,https://wiki.biligame.com/dsp/%E8%B6%85%E9%9F%B3%E9%80%9F%E5%AF%BC%E5%BC%B9%E7%BB%84%EF%BC%88%E7%A7%91%E6%8A%80%EF%BC%89,100
运输,recommended_items,https://wiki.biligame.com/dsp/%E8%BF%90%E8%BE%93,336
配送运输机,recommended_items,https://wiki.biligame.com/dsp/%E9%85%8D%E9%80%81%E8%BF%90%E8%BE%93%E6%9C%BA,2685
重氢分馏,recommended_items,https://wiki.biligame.com/dsp/%E9%87%8D%E6%B0%A2%E5%88%86%E9%A6%8F,104
重氢分馏10368密铺,recommended_items,https://wiki.biligame.com/dsp/%E9%87%8D%E6%B0%A2%E5%88%86%E9%A6%8F10368%E5%AF%86%E9%93%BA,27527
量子芯片（科技）,recommended_items,https://wiki.biligame.com/dsp/%E9%87%8F%E5%AD%90%E8%8A%AF%E7%89%87%EF%BC%88%E7%A7%91%E6%8A%80%EF%BC%89,119
金伯利矿,recommended_items,https://wiki.biligame.com/dsp/%E9%87%91%E4%BC%AF%E5%88%A9%E7%9F%BF,487
金伯利矿石,recommended_items,https://wiki.biligame.com/dsp/%E9%87%91%E4%BC%AF%E5%88%A9%E7%9F%BF%E7%9F%B3,487
钛化弹箱,recommended_items,https://wiki.biligame.com/dsp/%E9%92%9B%E5%8C%96%E5%BC%B9%E7%AE%B1,247
钛化弹箱（科技）,recommended_items,https://wiki.biligame.com/dsp/%E9%92%9B%E5%8C%96%E5%BC%B9%E7%AE%B1%EF%BC%88%E7%A7%91%E6%8A%80%EF%BC%89,120
钛石,recommended_items,https://wiki.biligame.com/dsp/%E9%92%9B%E7%9F%B3,467
钛矿,recommended_items,https://wiki.biligame.com/dsp/%E9%92%9B%E7%9F%BF,467
钛矿冶炼,recommended_items,https://wiki.biligame.com/dsp/%E9%92%9B%E7%9F%BF%E5%86%B6%E7%82%BC,90
钛矿脉,recommended_items,https://wiki.biligame.com/dsp/%E9%92%9B%E7%9F%BF%E8%84%89,467
钢材冶炼,recommended_items,https://wiki.biligame.com/dsp/%E9%92%A2%E6%9D%90%E5%86%B6%E7%82%BC,115
铁矿,recommended_items,https://wiki.biligame.com/dsp/%E9%93%81%E7%9F%BF,477
铁矿脉,recommended_items,https://wiki.biligame.com/dsp/%E9%93%81%E7%9F%BF%E8%84%89,477
铜矿,recommended_items,https://wiki.biligame.com/dsp/%E9%93%9C%E7%9F%BF,450
铜矿脉,recommended_items,https://wiki.biligame.com/dsp/%E9%93%9C%E7%9F%BF%E8%84%89,450
高强度晶体,recommended_items,https://wiki.biligame.com/dsp/%E9%AB%98%E5%BC%BA%E5%BA%A6%E6%99%B6%E4%BD%93,98
高强度玻璃,recommended_items,https://wiki.biligame.com/dsp/%E9%AB%98%E5%BC%BA%E5%BA%A6%E7%8E%BB%E7%92%83,111
高爆炮弹组,recommended_items,https://wiki.biligame.com/dsp/%E9%AB%98%E7%88%86%E7%82%AE%E5%BC%B9%E7%BB%84,293
高爆炮弹组（科技）,recommended_items,https://wiki.biligame.com/dsp/%E9%AB%98%E7%88%86%E7%82%AE%E5%BC%B9%E7%BB%84%EF%BC%88%E7%A7%91%E6%8A%80%EF%BC%89,84
黄糖,recommended_items,https://wiki.biligame.com/dsp/%E9%BB%84%E7%B3%96,165
（可扩展）硫酸,recommended_items,https://wiki.biligame.com/dsp/%EF%BC%88%E5%8F%AF%E6%89%A9%E5%B1%95%EF%BC%89%E7%A1%AB%E9%85%B8,5043
？,recommended_items,https://wiki.biligame.com/dsp/%EF%BC%9F,250
“进化的伊卡洛斯”版本现已更新，成为宇宙独一无二的光,recommended_supplement,https://wiki.biligame.com/dsp/%E2%80%9C%E8%BF%9B%E5%8C%96%E7%9A%84%E4%BC%8A%E5%8D%A1%E6%B4%9B%E6%96%AF%E2%80%9D%E7%89%88%E6%9C%AC%E7%8E%B0%E5%B7%B2%E6%9B%B4%E6%96%B0%EF%BC%8C%E6%88%90%E4%B8%BA%E5%AE%87%E5%AE%99%E7%8B%AC%E4%B8%80%E6%97%A0%E4%BA%8C%E7%9A%84%E5%85%89,1258
中期熔炼,recommended_supplement,https://wiki.biligame.com/dsp/%E4%B8%AD%E6%9C%9F%E7%86%94%E7%82%BC,192
传送带的介绍,recommended_supplement,https://wiki.biligame.com/dsp/%E4%BC%A0%E9%80%81%E5%B8%A6%E7%9A%84%E4%BB%8B%E7%BB%8D,992
冶炼设备,recommended_supplement,https://wiki.biligame.com/dsp/%E5%86%B6%E7%82%BC%E8%AE%BE%E5%A4%87,1304
分拣器的介绍,recommended_supplement,https://wiki.biligame.com/dsp/%E5%88%86%E6%8B%A3%E5%99%A8%E7%9A%84%E4%BB%8B%E7%BB%8D,855
分馏,recommended_supplement,https://wiki.biligame.com/dsp/%E5%88%86%E9%A6%8F,2248
制造台的介绍,recommended_supplement,https://wiki.biligame.com/dsp/%E5%88%B6%E9%80%A0%E5%8F%B0%E7%9A%84%E4%BB%8B%E7%BB%8D,1081
加速,recommended_supplement,https://wiki.biligame.com/dsp/%E5%8A%A0%E9%80%9F,3159
化工设备,recommended_supplement,https://wiki.biligame.com/dsp/%E5%8C%96%E5%B7%A5%E8%AE%BE%E5%A4%87,955
四向分流器的介绍,recommended_supplement,https://wiki.biligame.com/dsp/%E5%9B%9B%E5%90%91%E5%88%86%E6%B5%81%E5%99%A8%E7%9A%84%E4%BB%8B%E7%BB%8D,1903
地面巢穴,recommended_supplement,https://wiki.biligame.com/dsp/%E5%9C%B0%E9%9D%A2%E5%B7%A2%E7%A9%B4,680
增产,recommended_supplement,https://wiki.biligame.com/dsp/%E5%A2%9E%E4%BA%A7,3159
对撞机,recommended_supplement,https://wiki.biligame.com/dsp/%E5%AF%B9%E6%92%9E%E6%9C%BA,637
液体储存封装,recommended_supplement,https://wiki.biligame.com/dsp/%E6%B6%B2%E4%BD%93%E5%82%A8%E5%AD%98%E5%B0%81%E8%A3%85,77
火山灰,recommended_supplement,https://wiki.biligame.com/dsp/%E7%81%AB%E5%B1%B1%E7%81%B0,355
燃烧,recommended_supplement,https://wiki.biligame.com/dsp/%E7%87%83%E7%83%A7,2774
物流运输塔的介绍,recommended_supplement,https://wiki.biligame.com/dsp/%E7%89%A9%E6%B5%81%E8%BF%90%E8%BE%93%E5%A1%94%E7%9A%84%E4%BB%8B%E7%BB%8D,2602
电力枢纽,recommended_supplement,https://wiki.biligame.com/dsp/%E7%94%B5%E5%8A%9B%E6%9E%A2%E7%BA%BD,1396
电弧熔炉的介绍,recommended_supplement,https://wiki.biligame.com/dsp/%E7%94%B5%E5%BC%A7%E7%86%94%E7%82%89%E7%9A%84%E4%BB%8B%E7%BB%8D,948
科研设备,recommended_supplement,https://wiki.biligame.com/dsp/%E7%A7%91%E7%A0%94%E8%AE%BE%E5%A4%87,1707
粒子对撞机,recommended_supplement,https://wiki.biligame.com/dsp/%E7%B2%92%E5%AD%90%E5%AF%B9%E6%92%9E%E6%9C%BA,637
精炼设备,recommended_supplement,https://wiki.biligame.com/dsp/%E7%B2%BE%E7%82%BC%E8%AE%BE%E5%A4%87,1707
红石,recommended_supplement,https://wiki.biligame.com/dsp/%E7%BA%A2%E7%9F%B3,638
超市,recommended_supplement,https://wiki.biligame.com/dsp/%E8%B6%85%E5%B8%82,710
X射线裂解,recommended_tech_upgrades,https://wiki.biligame.com/dsp/X%E5%B0%84%E7%BA%BF%E8%A3%82%E8%A7%A3,102
亚微观量子纠缠,recommended_tech_upgrades,https://wiki.biligame.com/dsp/%E4%BA%9A%E5%BE%AE%E8%A7%82%E9%87%8F%E5%AD%90%E7%BA%A0%E7%BC%A0,135
人造恒星（科技）,recommended_tech_upgrades,https://wiki.biligame.com/dsp/%E4%BA%BA%E9%80%A0%E6%81%92%E6%98%9F%EF%BC%88%E7%A7%91%E6%8A%80%EF%BC%89,155
任务完成!,recommended_tech_upgrades,https://wiki.biligame.com/dsp/%E4%BB%BB%E5%8A%A1%E5%AE%8C%E6%88%90%21,98
位面冶金,recommended_tech_upgrades,https://wiki.biligame.com/dsp/%E4%BD%8D%E9%9D%A2%E5%86%B6%E9%87%91,132
信号塔（科技）,recommended_tech_upgrades,https://wiki.biligame.com/dsp/%E4%BF%A1%E5%8F%B7%E5%A1%94%EF%BC%88%E7%A7%91%E6%8A%80%EF%BC%89,120
光子变频,recommended_tech_upgrades,https://wiki.biligame.com/dsp/%E5%85%89%E5%AD%90%E5%8F%98%E9%A2%91,95
全息信标（科技）,recommended_tech_upgrades,https://wiki.biligame.com/dsp/%E5%85%A8%E6%81%AF%E4%BF%A1%E6%A0%87%EF%BC%88%E7%A7%91%E6%8A%80%EF%BC%89,92
冶炼提纯,recommended_tech_upgrades,https://wiki.biligame.com/dsp/%E5%86%B6%E7%82%BC%E6%8F%90%E7%BA%AF,80
加力推进器（科技）,recommended_tech_upgrades,https://wiki.biligame.com/dsp/%E5%8A%A0%E5%8A%9B%E6%8E%A8%E8%BF%9B%E5%99%A8%EF%BC%88%E7%A7%91%E6%8A%80%EF%BC%89,91
动力引擎（科技）,recommended_tech_upgrades,https://wiki.biligame.com/dsp/%E5%8A%A8%E5%8A%9B%E5%BC%95%E6%93%8E%EF%BC%88%E7%A7%91%E6%8A%80%EF%BC%89,110
动能武器伤害,recommended_tech_upgrades,https://wiki.biligame.com/dsp/%E5%8A%A8%E8%83%BD%E6%AD%A6%E5%99%A8%E4%BC%A4%E5%AE%B3,250
半导体材料,recommended_tech_upgrades,https://wiki.biligame.com/dsp/%E5%8D%8A%E5%AF%BC%E4%BD%93%E6%9D%90%E6%96%99,79
卫星配电系统,recommended_tech_upgrades,https://wiki.biligame.com/dsp/%E5%8D%AB%E6%98%9F%E9%85%8D%E7%94%B5%E7%B3%BB%E7%BB%9F,89
原型机（科技）,recommended_tech_upgrades,https://wiki.biligame.com/dsp/%E5%8E%9F%E5%9E%8B%E6%9C%BA%EF%BC%88%E7%A7%91%E6%8A%80%EF%BC%89,132
可控湮灭反应,recommended_tech_upgrades,https://wiki.biligame.com/dsp/%E5%8F%AF%E6%8E%A7%E6%B9%AE%E7%81%AD%E5%8F%8D%E5%BA%94,113
地热开采,recommended_tech_upgrades,https://wiki.biligame.com/dsp/%E5%9C%B0%E7%83%AD%E5%BC%80%E9%87%87,85
地面编队扩容,recommended_tech_upgrades,https://wiki.biligame.com/dsp/%E5%9C%B0%E9%9D%A2%E7%BC%96%E9%98%9F%E6%89%A9%E5%AE%B9,280
垂直建造,recommended_tech_upgrades,https://wiki.biligame.com/dsp/%E5%9E%82%E7%9B%B4%E5%BB%BA%E9%80%A0,431
基础制造,recommended_tech_upgrades,https://wiki.biligame.com/dsp/%E5%9F%BA%E7%A1%80%E5%88%B6%E9%80%A0,80
基础化工,recommended_tech_upgrades,https://wiki.biligame.com/dsp/%E5%9F%BA%E7%A1%80%E5%8C%96%E5%B7%A5,63
基础物流系统,recommended_tech_upgrades,https://wiki.biligame.com/dsp/%E5%9F%BA%E7%A1%80%E7%89%A9%E6%B5%81%E7%B3%BB%E7%BB%9F,92
太空编队扩容,recommended_tech_upgrades,https://wiki.biligame.com/dsp/%E5%A4%AA%E7%A9%BA%E7%BC%96%E9%98%9F%E6%89%A9%E5%AE%B9,298
太阳帆吸附速度,recommended_tech_upgrades,https://wiki.biligame.com/dsp/%E5%A4%AA%E9%98%B3%E5%B8%86%E5%90%B8%E9%99%84%E9%80%9F%E5%BA%A6,346
太阳帆寿命,recommended_tech_upgrades,https://wiki.biligame.com/dsp/%E5%A4%AA%E9%98%B3%E5%B8%86%E5%AF%BF%E5%91%BD,273
太阳帆轨道系统,recommended_tech_upgrades,https://wiki.biligame.com/dsp/%E5%A4%AA%E9%98%B3%E5%B8%86%E8%BD%A8%E9%81%93%E7%B3%BB%E7%BB%9F,103
太阳能收集,recommended_tech_upgrades,https://wiki.biligame.com/dsp/%E5%A4%AA%E9%98%B3%E8%83%BD%E6%94%B6%E9%9B%86,110
宇宙探索,recommended_tech_upgrades,https://wiki.biligame.com/dsp/%E5%AE%87%E5%AE%99%E6%8E%A2%E7%B4%A2,194
射线传输效率,recommended_tech_upgrades,https://wiki.biligame.com/dsp/%E5%B0%84%E7%BA%BF%E4%BC%A0%E8%BE%93%E6%95%88%E7%8E%87,376
干扰塔（科技）,recommended_tech_upgrades,https://wiki.biligame.com/dsp/%E5%B9%B2%E6%89%B0%E5%A1%94%EF%BC%88%E7%A7%91%E6%8A%80%EF%BC%89,99
应用型超导体,recommended_tech_upgrades,https://wiki.biligame.com/dsp/%E5%BA%94%E7%94%A8%E5%9E%8B%E8%B6%85%E5%AF%BC%E4%BD%93,104
引力波折射,recommended_tech_upgrades,https://wiki.biligame.com/dsp/%E5%BC%95%E5%8A%9B%E6%B3%A2%E6%8A%98%E5%B0%84,122
微型核聚变发电,recommended_tech_upgrades,https://wiki.biligame.com/dsp/%E5%BE%AE%E5%9E%8B%E6%A0%B8%E8%81%9A%E5%8F%98%E5%8F%91%E7%94%B5,130
微型粒子对撞机（科技）,recommended_tech_upgrades,https://wiki.biligame.com/dsp/%E5%BE%AE%E5%9E%8B%E7%B2%92%E5%AD%90%E5%AF%B9%E6%92%9E%E6%9C%BA%EF%BC%88%E7%A7%91%E6%8A%80%EF%BC%89,113
战斗无人机伤害,recommended_tech_upgrades,https://wiki.biligame.com/dsp/%E6%88%98%E6%96%97%E6%97%A0%E4%BA%BA%E6%9C%BA%E4%BC%A4%E5%AE%B3,282
战斗无人机射速,recommended_tech_upgrades,https://wiki.biligame.com/dsp/%E6%88%98%E6%96%97%E6%97%A0%E4%BA%BA%E6%9C%BA%E5%B0%84%E9%80%9F,281
战斗无人机耐久,recommended_tech_upgrades,https://wiki.biligame.com/dsp/%E6%88%98%E6%96%97%E6%97%A0%E4%BA%BA%E6%9C%BA%E8%80%90%E4%B9%85,289
戴森球应力系统,recommended_tech_upgrades,https://wiki.biligame.com/dsp/%E6%88%B4%E6%A3%AE%E7%90%83%E5%BA%94%E5%8A%9B%E7%B3%BB%E7%BB%9F,1208
戴森球计划（科技）,recommended_tech_upgrades,https://wiki.biligame.com/dsp/%E6%88%B4%E6%A3%AE%E7%90%83%E8%AE%A1%E5%88%92%EF%BC%88%E7%A7%91%E6%8A%80%EF%BC%89,97
批量建造,recommended_tech_upgrades,https://wiki.biligame.com/dsp/%E6%89%B9%E9%87%8F%E5%BB%BA%E9%80%A0,228
护卫舰（科技）,recommended_tech_upgrades,https://wiki.biligame.com/dsp/%E6%8A%A4%E5%8D%AB%E8%88%B0%EF%BC%88%E7%A7%91%E6%8A%80%EF%BC%89,124
推进器（科技）,recommended_tech_upgrades,https://wiki.biligame.com/dsp/%E6%8E%A8%E8%BF%9B%E5%99%A8%EF%BC%88%E7%A7%91%E6%8A%80%EF%BC%89,105
改良物流系统,recommended_tech_upgrades,https://wiki.biligame.com/dsp/%E6%94%B9%E8%89%AF%E7%89%A9%E6%B5%81%E7%B3%BB%E7%BB%9F,110
攻击无人机（科技）,recommended_tech_upgrades,https://wiki.biligame.com/dsp/%E6%94%BB%E5%87%BB%E6%97%A0%E4%BA%BA%E6%9C%BA%EF%BC%88%E7%A7%91%E6%8A%80%EF%BC%89,134
数字模拟计算,recommended_tech_upgrades,https://wiki.biligame.com/dsp/%E6%95%B0%E5%AD%97%E6%A8%A1%E6%8B%9F%E8%AE%A1%E7%AE%97,202
无人机引擎,recommended_tech_upgrades,https://wiki.biligame.com/dsp/%E6%97%A0%E4%BA%BA%E6%9C%BA%E5%BC%95%E6%93%8E,307
星际物流系统,recommended_tech_upgrades,https://wiki.biligame.com/dsp/%E6%98%9F%E9%99%85%E7%89%A9%E6%B5%81%E7%B3%BB%E7%BB%9F,86
星际电力运输,recommended_tech_upgrades,https://wiki.biligame.com/dsp/%E6%98%9F%E9%99%85%E7%94%B5%E5%8A%9B%E8%BF%90%E8%BE%93,124
晶石爆破单元（科技）,recommended_tech_upgrades,https://wiki.biligame.com/dsp/%E6%99%B6%E7%9F%B3%E7%88%86%E7%A0%B4%E5%8D%95%E5%85%83%EF%BC%88%E7%A7%91%E6%8A%80%EF%BC%89,147
机械骨骼,recommended_tech_upgrades,https://wiki.biligame.com/dsp/%E6%9C%BA%E6%A2%B0%E9%AA%A8%E9%AA%BC,382
机甲核心,recommended_tech_upgrades,https://wiki.biligame.com/dsp/%E6%9C%BA%E7%94%B2%E6%A0%B8%E5%BF%83,576
机舱容量,recommended_tech_upgrades,https://wiki.biligame.com/dsp/%E6%9C%BA%E8%88%B1%E5%AE%B9%E9%87%8F,476
武器系统,recommended_tech_upgrades,https://wiki.biligame.com/dsp/%E6%AD%A6%E5%99%A8%E7%B3%BB%E7%BB%9F,103
气态行星开采,recommended_tech_upgrades,https://wiki.biligame.com/dsp/%E6%B0%94%E6%80%81%E8%A1%8C%E6%98%9F%E5%BC%80%E9%87%87,90
波函数干扰,recommended_tech_upgrades,https://wiki.biligame.com/dsp/%E6%B3%A2%E5%87%BD%E6%95%B0%E5%B9%B2%E6%89%B0,129
流体储存封装,recommended_tech_upgrades,https://wiki.biligame.com/dsp/%E6%B5%81%E4%BD%93%E5%82%A8%E5%AD%98%E5%B0%81%E8%A3%85,77
火力发电,recommended_tech_upgrades,https://wiki.biligame.com/dsp/%E7%81%AB%E5%8A%9B%E5%8F%91%E7%94%B5,86
燃烧单元（科技）,recommended_tech_upgrades,https://wiki.biligame.com/dsp/%E7%87%83%E7%83%A7%E5%8D%95%E5%85%83%EF%BC%88%E7%A7%91%E6%8A%80%EF%BC%89,99
爆破单元（科技）,recommended_tech_upgrades,https://wiki.biligame.com/dsp/%E7%88%86%E7%A0%B4%E5%8D%95%E5%85%83%EF%BC%88%E7%A7%91%E6%8A%80%EF%BC%89,99
爆破武器伤害,recommended_tech_upgrades,https://wiki.biligame.com/dsp/%E7%88%86%E7%A0%B4%E6%AD%A6%E5%99%A8%E4%BC%A4%E5%AE%B3,245
物质重组,recommended_tech_upgrades,https://wiki.biligame.com/dsp/%E7%89%A9%E8%B4%A8%E9%87%8D%E7%BB%84,195
狄拉克逆变机制,recommended_tech_upgrades,https://wiki.biligame.com/dsp/%E7%8B%84%E6%8B%89%E5%85%8B%E9%80%86%E5%8F%98%E6%9C%BA%E5%88%B6,176
电磁学,recommended_tech_upgrades,https://wiki.biligame.com/dsp/%E7%94%B5%E7%A3%81%E5%AD%A6,101
电磁武器效果,recommended_tech_upgrades,https://wiki.biligame.com/dsp/%E7%94%B5%E7%A3%81%E6%AD%A6%E5%99%A8%E6%95%88%E6%9E%9C,252
电磁驱动,recommended_tech_upgrades,https://wiki.biligame.com/dsp/%E7%94%B5%E7%A3%81%E9%A9%B1%E5%8A%A8,63
研究,recommended_tech_upgrades,https://wiki.biligame.com/dsp/%E7%A0%94%E7%A9%B6,571
研究速度,recommended_tech_upgrades,https://wiki.biligame.com/dsp/%E7%A0%94%E7%A9%B6%E9%80%9F%E5%BA%A6,390
磁化电浆炮（科技）,recommended_tech_upgrades,https://wiki.biligame.com/dsp/%E7%A3%81%E5%8C%96%E7%94%B5%E6%B5%86%E7%82%AE%EF%BC%88%E7%A7%91%E6%8A%80%EF%BC%89,120
磁悬浮,recommended_tech_upgrades,https://wiki.biligame.com/dsp/%E7%A3%81%E6%82%AC%E6%B5%AE,74
科技树,recommended_tech_upgrades,https://wiki.biligame.com/dsp/%E7%A7%91%E6%8A%80%E6%A0%91,42
移山填海工程,recommended_tech_upgrades,https://wiki.biligame.com/dsp/%E7%A7%BB%E5%B1%B1%E5%A1%AB%E6%B5%B7%E5%B7%A5%E7%A8%8B,92
等离子萃取精炼,recommended_tech_upgrades,https://wiki.biligame.com/dsp/%E7%AD%89%E7%A6%BB%E5%AD%90%E8%90%83%E5%8F%96%E7%B2%BE%E7%82%BC,87
粒子可控,recommended_tech_upgrades,https://wiki.biligame.com/dsp/%E7%B2%92%E5%AD%90%E5%8F%AF%E6%8E%A7,124
粒子磁力阱,recommended_tech_upgrades,https://wiki.biligame.com/dsp/%E7%B2%92%E5%AD%90%E7%A3%81%E5%8A%9B%E9%98%B1,132
精准无人机（科技）,recommended_tech_upgrades,https://wiki.biligame.com/dsp/%E7%B2%BE%E5%87%86%E6%97%A0%E4%BA%BA%E6%9C%BA%EF%BC%88%E7%A7%91%E6%8A%80%EF%BC%89,101
结构强化,recommended_tech_upgrades,https://wiki.biligame.com/dsp/%E7%BB%93%E6%9E%84%E5%BC%BA%E5%8C%96,340
聚爆加农炮（科技）,recommended_tech_upgrades,https://wiki.biligame.com/dsp/%E8%81%9A%E7%88%86%E5%8A%A0%E5%86%9C%E7%82%AE%EF%BC%88%E7%A7%91%E6%8A%80%EF%BC%89,115
能量储存,recommended_tech_upgrades,https://wiki.biligame.com/dsp/%E8%83%BD%E9%87%8F%E5%82%A8%E5%AD%98,104
能量回路,recommended_tech_upgrades,https://wiki.biligame.com/dsp/%E8%83%BD%E9%87%8F%E5%9B%9E%E8%B7%AF,322
能量护盾,recommended_tech_upgrades,https://wiki.biligame.com/dsp/%E8%83%BD%E9%87%8F%E6%8A%A4%E7%9B%BE,412
自动化冶金,recommended_tech_upgrades,https://wiki.biligame.com/dsp/%E8%87%AA%E5%8A%A8%E5%8C%96%E5%86%B6%E9%87%91,97
自动标记重建,recommended_tech_upgrades,https://wiki.biligame.com/dsp/%E8%87%AA%E5%8A%A8%E6%A0%87%E8%AE%B0%E9%87%8D%E5%BB%BA,267
行星护盾,recommended_tech_upgrades,https://wiki.biligame.com/dsp/%E8%A1%8C%E6%98%9F%E6%8A%A4%E7%9B%BE,211
行星物流系统,recommended_tech_upgrades,https://wiki.biligame.com/dsp/%E8%A1%8C%E6%98%9F%E7%89%A9%E6%B5%81%E7%B3%BB%E7%BB%9F,125
行星电离层利用,recommended_tech_upgrades,https://wiki.biligame.com/dsp/%E8%A1%8C%E6%98%9F%E7%94%B5%E7%A6%BB%E5%B1%82%E5%88%A9%E7%94%A8,170
行星防御系统,recommended_tech_upgrades,https://wiki.biligame.com/dsp/%E8%A1%8C%E6%98%9F%E9%98%B2%E5%BE%A1%E7%B3%BB%E7%BB%9F,140
负熵递归,recommended_tech_upgrades,https://wiki.biligame.com/dsp/%E8%B4%9F%E7%86%B5%E9%80%92%E5%BD%92,211
超级磁场发生器,recommended_tech_upgrades,https://wiki.biligame.com/dsp/%E8%B6%85%E7%BA%A7%E7%A3%81%E5%9C%BA%E5%8F%91%E7%94%9F%E5%99%A8,133
运输机舱扩容,recommended_tech_upgrades,https://wiki.biligame.com/dsp/%E8%BF%90%E8%BE%93%E6%9C%BA%E8%88%B1%E6%89%A9%E5%AE%B9,732
运输船引擎,recommended_tech_upgrades,https://wiki.biligame.com/dsp/%E8%BF%90%E8%BE%93%E8%88%B9%E5%BC%95%E6%93%8E,725
通讯控制,recommended_tech_upgrades,https://wiki.biligame.com/dsp/%E9%80%9A%E8%AE%AF%E6%8E%A7%E5%88%B6,374
配送物流系统,recommended_tech_upgrades,https://wiki.biligame.com/dsp/%E9%85%8D%E9%80%81%E7%89%A9%E6%B5%81%E7%B3%BB%E7%BB%9F,149
配送范围,recommended_tech_upgrades,https://wiki.biligame.com/dsp/%E9%85%8D%E9%80%81%E8%8C%83%E5%9B%B4,240
重整精炼,recommended_tech_upgrades,https://wiki.biligame.com/dsp/%E9%87%8D%E6%95%B4%E7%B2%BE%E7%82%BC,89
量子打印,recommended_tech_upgrades,https://wiki.biligame.com/dsp/%E9%87%8F%E5%AD%90%E6%89%93%E5%8D%B0,105
集装物流系统,recommended_tech_upgrades,https://wiki.biligame.com/dsp/%E9%9B%86%E8%A3%85%E7%89%A9%E6%B5%81%E7%B3%BB%E7%BB%9F,119
驱动引擎,recommended_tech_upgrades,https://wiki.biligame.com/dsp/%E9%A9%B1%E5%8A%A8%E5%BC%95%E6%93%8E,282
驱逐舰（科技）,recommended_tech_upgrades,https://wiki.biligame.com/dsp/%E9%A9%B1%E9%80%90%E8%88%B0%EF%BC%88%E7%A7%91%E6%8A%80%EF%BC%89,148
高分子化工,recommended_tech_upgrades,https://wiki.biligame.com/dsp/%E9%AB%98%E5%88%86%E5%AD%90%E5%8C%96%E5%B7%A5,98
高密度可控湮灭,recommended_tech_upgrades,https://wiki.biligame.com/dsp/%E9%AB%98%E5%AF%86%E5%BA%A6%E5%8F%AF%E6%8E%A7%E6%B9%AE%E7%81%AD,201
高强度材料,recommended_tech_upgrades,https://wiki.biligame.com/dsp/%E9%AB%98%E5%BC%BA%E5%BA%A6%E6%9D%90%E6%96%99,118
高强度轻质结构,recommended_tech_upgrades,https://wiki.biligame.com/dsp/%E9%AB%98%E5%BC%BA%E5%BA%A6%E8%BD%BB%E8%B4%A8%E7%BB%93%E6%9E%84,101
高强度钛合金,recommended_tech_upgrades,https://wiki.biligame.com/dsp/%E9%AB%98%E5%BC%BA%E5%BA%A6%E9%92%9B%E5%90%88%E9%87%91,123
高效物流系统,recommended_tech_upgrades,https://wiki.biligame.com/dsp/%E9%AB%98%E6%95%88%E7%89%A9%E6%B5%81%E7%B3%BB%E7%BB%9F,86
高效电浆控制,recommended_tech_upgrades,https://wiki.biligame.com/dsp/%E9%AB%98%E6%95%88%E7%94%B5%E6%B5%86%E6%8E%A7%E5%88%B6,94
高速制造,recommended_tech_upgrades,https://wiki.biligame.com/dsp/%E9%AB%98%E9%80%9F%E5%88%B6%E9%80%A0,84
产线设计计算方法,recommended_tutorials,https://wiki.biligame.com/dsp/%E4%BA%A7%E7%BA%BF%E8%AE%BE%E8%AE%A1%E8%AE%A1%E7%AE%97%E6%96%B9%E6%B3%95,2525
制造材料,recommended_tutorials,https://wiki.biligame.com/dsp/%E5%88%B6%E9%80%A0%E6%9D%90%E6%96%99,420
发电与输配电,recommended_tutorials,https://wiki.biligame.com/dsp/%E5%8F%91%E7%94%B5%E4%B8%8E%E8%BE%93%E9%85%8D%E7%94%B5,596
如何建设戴森球,recommended_tutorials,https://wiki.biligame.com/dsp/%E5%A6%82%E4%BD%95%E5%BB%BA%E8%AE%BE%E6%88%B4%E6%A3%AE%E7%90%83,602
如何移山填海,recommended_tutorials,https://wiki.biligame.com/dsp/%E5%A6%82%E4%BD%95%E7%A7%BB%E5%B1%B1%E5%A1%AB%E6%B5%B7,69
射线接收,recommended_tutorials,https://wiki.biligame.com/dsp/%E5%B0%84%E7%BA%BF%E6%8E%A5%E6%94%B6,847
建设发电相关推荐路径,recommended_tutorials,https://wiki.biligame.com/dsp/%E5%BB%BA%E8%AE%BE%E5%8F%91%E7%94%B5%E7%9B%B8%E5%85%B3%E6%8E%A8%E8%8D%90%E8%B7%AF%E5%BE%84,3358
快速入门,recommended_tutorials,https://wiki.biligame.com/dsp/%E5%BF%AB%E9%80%9F%E5%85%A5%E9%97%A8,1730
戴森云和戴森球,recommended_tutorials,https://wiki.biligame.com/dsp/%E6%88%B4%E6%A3%AE%E4%BA%91%E5%92%8C%E6%88%B4%E6%A3%AE%E7%90%83,1573
戴森球发电量,recommended_tutorials,https://wiki.biligame.com/dsp/%E6%88%B4%E6%A3%AE%E7%90%83%E5%8F%91%E7%94%B5%E9%87%8F,460
戴森球可规划半径范围,recommended_tutorials,https://wiki.biligame.com/dsp/%E6%88%B4%E6%A3%AE%E7%90%83%E5%8F%AF%E8%A7%84%E5%88%92%E5%8D%8A%E5%BE%84%E8%8C%83%E5%9B%B4,190
戴森球壳面规划的约束条件,recommended_tutorials,https://wiki.biligame.com/dsp/%E6%88%B4%E6%A3%AE%E7%90%83%E5%A3%B3%E9%9D%A2%E8%A7%84%E5%88%92%E7%9A%84%E7%BA%A6%E6%9D%9F%E6%9D%A1%E4%BB%B6,515
戴森球计划的科技树推荐路线,recommended_tutorials,https://wiki.biligame.com/dsp/%E6%88%B4%E6%A3%AE%E7%90%83%E8%AE%A1%E5%88%92%E7%9A%84%E7%A7%91%E6%8A%80%E6%A0%91%E6%8E%A8%E8%8D%90%E8%B7%AF%E7%BA%BF,1134
探索其他星系,recommended_tutorials,https://wiki.biligame.com/dsp/%E6%8E%A2%E7%B4%A2%E5%85%B6%E4%BB%96%E6%98%9F%E7%B3%BB,476
探索本星系内其他行星,recommended_tutorials,https://wiki.biligame.com/dsp/%E6%8E%A2%E7%B4%A2%E6%9C%AC%E6%98%9F%E7%B3%BB%E5%86%85%E5%85%B6%E4%BB%96%E8%A1%8C%E6%98%9F,760
搭建仓储设施,recommended_tutorials,https://wiki.biligame.com/dsp/%E6%90%AD%E5%BB%BA%E4%BB%93%E5%82%A8%E8%AE%BE%E6%96%BD,265
搭建物流设施,recommended_tutorials,https://wiki.biligame.com/dsp/%E6%90%AD%E5%BB%BA%E7%89%A9%E6%B5%81%E8%AE%BE%E6%96%BD,875
搭建运输设施,recommended_tutorials,https://wiki.biligame.com/dsp/%E6%90%AD%E5%BB%BA%E8%BF%90%E8%BE%93%E8%AE%BE%E6%96%BD,1170
攻略,recommended_tutorials,https://wiki.biligame.com/dsp/%E6%94%BB%E7%95%A5,555
教程,recommended_tutorials,https://wiki.biligame.com/dsp/%E6%95%99%E7%A8%8B,422
激光塔居然还能这么用！——看激光塔的战略性应用,recommended_tutorials,https://wiki.biligame.com/dsp/%E6%BF%80%E5%85%89%E5%A1%94%E5%B1%85%E7%84%B6%E8%BF%98%E8%83%BD%E8%BF%99%E4%B9%88%E7%94%A8%EF%BC%81%E2%80%94%E2%80%94%E7%9C%8B%E6%BF%80%E5%85%89%E5%A1%94%E7%9A%84%E6%88%98%E7%95%A5%E6%80%A7%E5%BA%94%E7%94%A8,2207
熔炼材料,recommended_tutorials,https://wiki.biligame.com/dsp/%E7%86%94%E7%82%BC%E6%9D%90%E6%96%99,306
环境改造,recommended_tutorials,https://wiki.biligame.com/dsp/%E7%8E%AF%E5%A2%83%E6%94%B9%E9%80%A0,432
研发科技,recommended_tutorials,https://wiki.biligame.com/dsp/%E7%A0%94%E5%8F%91%E7%A7%91%E6%8A%80,306
第一次登陆,recommended_tutorials,https://wiki.biligame.com/dsp/%E7%AC%AC%E4%B8%80%E6%AC%A1%E7%99%BB%E9%99%86,342
系统需求（配置推荐）,recommended_tutorials,https://wiki.biligame.com/dsp/%E7%B3%BB%E7%BB%9F%E9%9C%80%E6%B1%82%EF%BC%88%E9%85%8D%E7%BD%AE%E6%8E%A8%E8%8D%90%EF%BC%89,3233
萌新向流程攻略,recommended_tutorials,https://wiki.biligame.com/dsp/%E8%90%8C%E6%96%B0%E5%90%91%E6%B5%81%E7%A8%8B%E6%94%BB%E7%95%A5,5623
设置目的地,recommended_tutorials,https://wiki.biligame.com/dsp/%E8%AE%BE%E7%BD%AE%E7%9B%AE%E7%9A%84%E5%9C%B0,544
三级文明,recommended_world_mechanics,https://wiki.biligame.com/dsp/%E4%B8%89%E7%BA%A7%E6%96%87%E6%98%8E,315
中子星,recommended_world_mechanics,https://wiki.biligame.com/dsp/%E4%B8%AD%E5%AD%90%E6%98%9F,260
主脑,recommended_world_mechanics,https://wiki.biligame.com/dsp/%E4%B8%BB%E8%84%91,176
伊卡洛斯,recommended_world_mechanics,https://wiki.biligame.com/dsp/%E4%BC%8A%E5%8D%A1%E6%B4%9B%E6%96%AF,6186
元宇宙,recommended_world_mechanics,https://wiki.biligame.com/dsp/%E5%85%83%E5%AE%87%E5%AE%99,516
公转周期,recommended_world_mechanics,https://wiki.biligame.com/dsp/%E5%85%AC%E8%BD%AC%E5%91%A8%E6%9C%9F,43
冰原冻土,recommended_world_mechanics,https://wiki.biligame.com/dsp/%E5%86%B0%E5%8E%9F%E5%86%BB%E5%9C%9F,726
冰巨星,recommended_world_mechanics,https://wiki.biligame.com/dsp/%E5%86%B0%E5%B7%A8%E6%98%9F,1204
分拣器逻辑及算力占用,recommended_world_mechanics,https://wiki.biligame.com/dsp/%E5%88%86%E6%8B%A3%E5%99%A8%E9%80%BB%E8%BE%91%E5%8F%8A%E7%AE%97%E5%8A%9B%E5%8D%A0%E7%94%A8,274050
卫星与多卫星,recommended_world_mechanics,https://wiki.biligame.com/dsp/%E5%8D%AB%E6%98%9F%E4%B8%8E%E5%A4%9A%E5%8D%AB%E6%98%9F,122
地中海,recommended_world_mechanics,https://wiki.biligame.com/dsp/%E5%9C%B0%E4%B8%AD%E6%B5%B7,960
地轴倾角,recommended_world_mechanics,https://wiki.biligame.com/dsp/%E5%9C%B0%E8%BD%B4%E5%80%BE%E8%A7%92,187
天体,recommended_world_mechanics,https://wiki.biligame.com/dsp/%E5%A4%A9%E4%BD%93,5542
宇宙尺度,recommended_world_mechanics,https://wiki.biligame.com/dsp/%E5%AE%87%E5%AE%99%E5%B0%BA%E5%BA%A6,1657
宇宙比例设定,recommended_world_mechanics,https://wiki.biligame.com/dsp/%E5%AE%87%E5%AE%99%E6%AF%94%E4%BE%8B%E8%AE%BE%E5%AE%9A,1657
岩质行星,recommended_world_mechanics,https://wiki.biligame.com/dsp/%E5%B2%A9%E8%B4%A8%E8%A1%8C%E6%98%9F,185
巨行星,recommended_world_mechanics,https://wiki.biligame.com/dsp/%E5%B7%A8%E8%A1%8C%E6%98%9F,700
干旱荒漠,recommended_world_mechanics,https://wiki.biligame.com/dsp/%E5%B9%B2%E6%97%B1%E8%8D%92%E6%BC%A0,478
戈壁,recommended_world_mechanics,https://wiki.biligame.com/dsp/%E6%88%88%E5%A3%81,275
戴森球建造判定,recommended_world_mechanics,https://wiki.biligame.com/dsp/%E6%88%B4%E6%A3%AE%E7%90%83%E5%BB%BA%E9%80%A0%E5%88%A4%E5%AE%9A,1514
戴森球计划:COSMO,recommended_world_mechanics,https://wiki.biligame.com/dsp/%E6%88%B4%E6%A3%AE%E7%90%83%E8%AE%A1%E5%88%92:COSMO,2166
所有建筑建造提示,recommended_world_mechanics,https://wiki.biligame.com/dsp/%E6%89%80%E6%9C%89%E5%BB%BA%E7%AD%91%E5%BB%BA%E9%80%A0%E6%8F%90%E7%A4%BA,1308
机制,recommended_world_mechanics,https://wiki.biligame.com/dsp/%E6%9C%BA%E5%88%B6,64
极寒冻土,recommended_world_mechanics,https://wiki.biligame.com/dsp/%E6%9E%81%E5%AF%92%E5%86%BB%E5%9C%9F,239
横躺自转,recommended_world_mechanics,https://wiki.biligame.com/dsp/%E6%A8%AA%E8%BA%BA%E8%87%AA%E8%BD%AC,138
樱林海,recommended_world_mechanics,https://wiki.biligame.com/dsp/%E6%A8%B1%E6%9E%97%E6%B5%B7,351
橙晶荒漠,recommended_world_mechanics,https://wiki.biligame.com/dsp/%E6%A9%99%E6%99%B6%E8%8D%92%E6%BC%A0,601
气巨星,recommended_world_mechanics,https://wiki.biligame.com/dsp/%E6%B0%94%E5%B7%A8%E6%98%9F,1314
海洋丛林,recommended_world_mechanics,https://wiki.biligame.com/dsp/%E6%B5%B7%E6%B4%8B%E4%B8%9B%E6%9E%97,823
潘多拉沼泽,recommended_world_mechanics,https://wiki.biligame.com/dsp/%E6%BD%98%E5%A4%9A%E6%8B%89%E6%B2%BC%E6%B3%BD,498
潮汐锁定,recommended_world_mechanics,https://wiki.biligame.com/dsp/%E6%BD%AE%E6%B1%90%E9%94%81%E5%AE%9A,562
灰烬冻土,recommended_world_mechanics,https://wiki.biligame.com/dsp/%E7%81%B0%E7%83%AC%E5%86%BB%E5%9C%9F,314
热带草原,recommended_world_mechanics,https://wiki.biligame.com/dsp/%E7%83%AD%E5%B8%A6%E8%8D%89%E5%8E%9F,433
熔岩,recommended_world_mechanics,https://wiki.biligame.com/dsp/%E7%86%94%E5%B2%A9,413
物流运输站的介绍,recommended_world_mechanics,https://wiki.biligame.com/dsp/%E7%89%A9%E6%B5%81%E8%BF%90%E8%BE%93%E7%AB%99%E7%9A%84%E4%BB%8B%E7%BB%8D,2602
猩红冰湖,recommended_world_mechanics,https://wiki.biligame.com/dsp/%E7%8C%A9%E7%BA%A2%E5%86%B0%E6%B9%96,313
玩法,recommended_world_mechanics,https://wiki.biligame.com/dsp/%E7%8E%A9%E6%B3%95,143
白巨星,recommended_world_mechanics,https://wiki.biligame.com/dsp/%E7%99%BD%E5%B7%A8%E6%98%9F,269
白矮星,recommended_world_mechanics,https://wiki.biligame.com/dsp/%E7%99%BD%E7%9F%AE%E6%98%9F,411
红巨星,recommended_world_mechanics,https://wiki.biligame.com/dsp/%E7%BA%A2%E5%B7%A8%E6%98%9F,341
红矮星,recommended_world_mechanics,https://wiki.biligame.com/dsp/%E7%BA%A2%E7%9F%AE%E6%98%9F,595
综合,recommended_world_mechanics,https://wiki.biligame.com/dsp/%E7%BB%BC%E5%90%88,628
自转周期,recommended_world_mechanics,https://wiki.biligame.com/dsp/%E8%87%AA%E8%BD%AC%E5%91%A8%E6%9C%9F,38
草原,recommended_world_mechanics,https://wiki.biligame.com/dsp/%E8%8D%89%E5%8E%9F,357
蓝巨星,recommended_world_mechanics,https://wiki.biligame.com/dsp/%E8%93%9D%E5%B7%A8%E6%98%9F,324
蓝矮星,recommended_world_mechanics,https://wiki.biligame.com/dsp/%E8%93%9D%E7%9F%AE%E6%98%9F,721
行星-熔岩,recommended_world_mechanics,https://wiki.biligame.com/dsp/%E8%A1%8C%E6%98%9F-%E7%86%94%E5%B2%A9,413
设定,recommended_world_mechanics,https://wiki.biligame.com/dsp/%E8%AE%BE%E5%AE%9A,129
贫瘠荒漠,recommended_world_mechanics,https://wiki.biligame.com/dsp/%E8%B4%AB%E7%98%A0%E8%8D%92%E6%BC%A0,246
轨道倾角,recommended_world_mechanics,https://wiki.biligame.com/dsp/%E8%BD%A8%E9%81%93%E5%80%BE%E8%A7%92,124
轨道共振,recommended_world_mechanics,https://wiki.biligame.com/dsp/%E8%BD%A8%E9%81%93%E5%85%B1%E6%8C%AF,714
轨道半径,recommended_world_mechanics,https://wiki.biligame.com/dsp/%E8%BD%A8%E9%81%93%E5%8D%8A%E5%BE%84,65
飓风石林,recommended_world_mechanics,https://wiki.biligame.com/dsp/%E9%A3%93%E9%A3%8E%E7%9F%B3%E6%9E%97,252
黄巨星,recommended_world_mechanics,https://wiki.biligame.com/dsp/%E9%BB%84%E5%B7%A8%E6%98%9F,332
黄矮星,recommended_world_mechanics,https://wiki.biligame.com/dsp/%E9%BB%84%E7%9F%AE%E6%98%9F,606
黑洞,recommended_world_mechanics,https://wiki.biligame.com/dsp/%E9%BB%91%E6%B4%9E,132
黑石盐滩,recommended_world_mechanics,https://wiki.biligame.com/dsp/%E9%BB%91%E7%9F%B3%E7%9B%90%E6%BB%A9,280
